2026-06-07 11:39:43
                INFO 
                o.h.validator.internal.util.Version
                - HV000001: Hibernate Validator 9.0.1.Final
2026-06-07 11:39:43
                INFO 
                c.f.r.RestaurantServiceApplicationTests
                - Starting RestaurantServiceApplicationTests using Java 21.0.6 with PID 10372 (started by Rutuja in C:\Users\Rutuja\git\Food-Delivery-System\restaurant-service)
2026-06-07 11:39:43
                INFO 
                c.f.r.RestaurantServiceApplicationTests
                - No active profile set, falling back to 1 default profile: "default"
2026-06-07 11:39:46
                INFO 
                o.s.d.r.c.RepositoryConfigurationDelegate
                - Bootstrapping Spring Data JPA repositories in DEFAULT mode.
2026-06-07 11:39:46
                INFO 
                o.s.d.r.c.RepositoryConfigurationDelegate
                - Finished Spring Data repository scanning in 175 ms. Found 2 JPA repository interfaces.
2026-06-07 11:39:49
                INFO 
                org.hibernate.orm.jpa
                - HHH008540: Processing PersistenceUnitInfo [name: default]
2026-06-07 11:39:49
                INFO 
                org.hibernate.orm.core
                - HHH000001: Hibernate ORM core version 7.2.12.Final
2026-06-07 11:39:52
                INFO 
                o.s.o.j.p.SpringPersistenceUnitInfo
                - No LoadTimeWeaver setup: ignoring JPA class transformer
2026-06-07 11:39:52
                INFO 
                com.zaxxer.hikari.HikariDataSource
                - HikariPool-1 - Starting...
2026-06-07 11:39:53
                INFO 
                com.zaxxer.hikari.pool.HikariPool
                - HikariPool-1 - Added connection com.mysql.cj.jdbc.ConnectionImpl@912747d
2026-06-07 11:39:53
                INFO 
                com.zaxxer.hikari.HikariDataSource
                - HikariPool-1 - Start completed.
2026-06-07 11:39:54
                WARN 
                org.hibernate.orm.core
                - HHH000511: The 5.5.5 version for [org.hibernate.dialect.MySQLDialect] is no longer supported, hence certain features may not work properly.The minimum supported version is 8.0.0. Check the community dialects project for available legacy versions.
2026-06-07 11:39:54
                WARN 
                org.hibernate.orm.deprecation
                - HHH90000025: MySQLDialect does not need to be specified explicitly using 'hibernate.dialect' (remove the property setting and it will be selected by default)
2026-06-07 11:39:54
                INFO 
                o.hibernate.orm.connections.pooling
                - HHH10001005: Database info:
	Database JDBC URL [jdbc:mysql://localhost:3306/food_delivery]
	Database driver: MySQL Connector/J
	Database dialect: MySQLDialect
	Database version: 5.5.5
	Default catalog/schema: food_delivery/undefined
	Autocommit mode: undefined/unknown
	Isolation level: REPEATABLE_READ [default REPEATABLE_READ]
	JDBC fetch size: none
	Pool: DataSourceConnectionProvider
	Minimum pool size: undefined/unknown
	Maximum pool size: undefined/unknown
2026-06-07 11:39:59
                INFO 
                org.hibernate.orm.core
                - HHH000489: No JTA platform available (set 'hibernate.transaction.jta.platform' to enable JTA platform integration)
2026-06-07 11:40:02
                INFO 
                o.s.o.j.LocalContainerEntityManagerFactoryBean
                - Initialized JPA EntityManagerFactory for persistence unit 'default'
2026-06-07 11:40:03
                INFO 
                o.s.d.j.r.q.QueryEnhancerFactories
                - Hibernate is in classpath; If applicable, HQL parser will be used.
2026-06-07 11:40:04
                WARN 
                o.s.b.j.a.JpaBaseConfiguration$JpaWebConfiguration
                - spring.jpa.open-in-view is enabled by default. Therefore, database queries may be performed during view rendering. Explicitly configure spring.jpa.open-in-view to disable this warning
2026-06-07 11:40:05
                WARN 
                o.s.b.s.a.UserDetailsServiceAutoConfiguration
                - 

Using generated security password: 80530b6a-afea-43d6-9059-758f703fa27e

This generated password is for development use only. Your security configuration must be updated before running your application in production.

2026-06-07 11:40:05
                INFO 
                o.s.s.c.a.a.c.InitializeUserDetailsBeanManagerConfigurer$InitializeUserDetailsManagerConfigurer
                - Global AuthenticationManager configured with UserDetailsService bean with name inMemoryUserDetailsManager
2026-06-07 11:40:09
                INFO 
                c.f.r.RestaurantServiceApplicationTests
                - Started RestaurantServiceApplicationTests in 27.751 seconds (process running for 32.568)
2026-06-07 11:40:12
                INFO 
                o.s.o.j.LocalContainerEntityManagerFactoryBean
                - Closing JPA EntityManagerFactory for persistence unit 'default'
2026-06-07 11:40:12
                INFO 
                com.zaxxer.hikari.HikariDataSource
                - HikariPool-1 - Shutdown initiated...
2026-06-07 11:40:12
                INFO 
                com.zaxxer.hikari.HikariDataSource
                - HikariPool-1 - Shutdown completed.
2026-06-07 12:31:49
                INFO 
                o.h.validator.internal.util.Version
                - HV000001: Hibernate Validator 9.0.1.Final
2026-06-07 12:31:49
                INFO 
                c.f.r.RestaurantServiceApplicationTests
                - Starting RestaurantServiceApplicationTests using Java 21.0.6 with PID 21120 (started by Rutuja in C:\Users\Rutuja\git\Food-Delivery-System\restaurant-service)
2026-06-07 12:31:49
                INFO 
                c.f.r.RestaurantServiceApplicationTests
                - No active profile set, falling back to 1 default profile: "default"
2026-06-07 12:31:52
                INFO 
                o.s.d.r.c.RepositoryConfigurationDelegate
                - Bootstrapping Spring Data JPA repositories in DEFAULT mode.
2026-06-07 12:31:53
                INFO 
                o.s.d.r.c.RepositoryConfigurationDelegate
                - Finished Spring Data repository scanning in 237 ms. Found 2 JPA repository interfaces.
2026-06-07 12:31:54
                INFO 
                org.hibernate.orm.jpa
                - HHH008540: Processing PersistenceUnitInfo [name: default]
2026-06-07 12:31:55
                INFO 
                org.hibernate.orm.core
                - HHH000001: Hibernate ORM core version 7.2.12.Final
2026-06-07 12:31:57
                INFO 
                o.s.o.j.p.SpringPersistenceUnitInfo
                - No LoadTimeWeaver setup: ignoring JPA class transformer
2026-06-07 12:31:57
                INFO 
                com.zaxxer.hikari.HikariDataSource
                - HikariPool-1 - Starting...
2026-06-07 12:31:58
                INFO 
                com.zaxxer.hikari.pool.HikariPool
                - HikariPool-1 - Added connection com.mysql.cj.jdbc.ConnectionImpl@cd93621
2026-06-07 12:31:58
                INFO 
                com.zaxxer.hikari.HikariDataSource
                - HikariPool-1 - Start completed.
2026-06-07 12:31:58
                WARN 
                org.hibernate.orm.core
                - HHH000511: The 5.5.5 version for [org.hibernate.dialect.MySQLDialect] is no longer supported, hence certain features may not work properly.The minimum supported version is 8.0.0. Check the community dialects project for available legacy versions.
2026-06-07 12:31:58
                WARN 
                org.hibernate.orm.deprecation
                - HHH90000025: MySQLDialect does not need to be specified explicitly using 'hibernate.dialect' (remove the property setting and it will be selected by default)
2026-06-07 12:31:58
                INFO 
                o.hibernate.orm.connections.pooling
                - HHH10001005: Database info:
	Database JDBC URL [jdbc:mysql://localhost:3306/food_delivery]
	Database driver: MySQL Connector/J
	Database dialect: MySQLDialect
	Database version: 5.5.5
	Default catalog/schema: food_delivery/undefined
	Autocommit mode: undefined/unknown
	Isolation level: REPEATABLE_READ [default REPEATABLE_READ]
	JDBC fetch size: none
	Pool: DataSourceConnectionProvider
	Minimum pool size: undefined/unknown
	Maximum pool size: undefined/unknown
2026-06-07 12:32:02
                INFO 
                org.hibernate.orm.core
                - HHH000489: No JTA platform available (set 'hibernate.transaction.jta.platform' to enable JTA platform integration)
2026-06-07 12:32:04
                INFO 
                o.s.o.j.LocalContainerEntityManagerFactoryBean
                - Initialized JPA EntityManagerFactory for persistence unit 'default'
2026-06-07 12:32:05
                INFO 
                o.s.d.j.r.q.QueryEnhancerFactories
                - Hibernate is in classpath; If applicable, HQL parser will be used.
2026-06-07 12:32:06
                WARN 
                o.s.b.j.a.JpaBaseConfiguration$JpaWebConfiguration
                - spring.jpa.open-in-view is enabled by default. Therefore, database queries may be performed during view rendering. Explicitly configure spring.jpa.open-in-view to disable this warning
2026-06-07 12:32:07
                WARN 
                o.s.b.s.a.UserDetailsServiceAutoConfiguration
                - 

Using generated security password: 2abb1480-6b27-4e5e-a7fe-897364378b8a

This generated password is for development use only. Your security configuration must be updated before running your application in production.

2026-06-07 12:32:07
                INFO 
                o.s.s.c.a.a.c.InitializeUserDetailsBeanManagerConfigurer$InitializeUserDetailsManagerConfigurer
                - Global AuthenticationManager configured with UserDetailsService bean with name inMemoryUserDetailsManager
2026-06-07 12:32:10
                INFO 
                c.f.r.RestaurantServiceApplicationTests
                - Started RestaurantServiceApplicationTests in 22.105 seconds (process running for 26.953)
2026-06-07 12:32:12
                INFO 
                o.s.o.j.LocalContainerEntityManagerFactoryBean
                - Closing JPA EntityManagerFactory for persistence unit 'default'
2026-06-07 12:32:12
                INFO 
                com.zaxxer.hikari.HikariDataSource
                - HikariPool-1 - Shutdown initiated...
2026-06-07 12:32:12
                INFO 
                com.zaxxer.hikari.HikariDataSource
                - HikariPool-1 - Shutdown completed.
2026-06-07 12:41:10
                INFO 
                o.h.validator.internal.util.Version
                - HV000001: Hibernate Validator 9.0.1.Final
2026-06-07 12:41:10
                INFO 
                c.f.r.RestaurantServiceApplicationTests
                - Starting RestaurantServiceApplicationTests using Java 21.0.6 with PID 11588 (started by Rutuja in C:\Users\Rutuja\git\Food-Delivery-System\restaurant-service)
2026-06-07 12:41:10
                INFO 
                c.f.r.RestaurantServiceApplicationTests
                - No active profile set, falling back to 1 default profile: "default"
2026-06-07 12:41:13
                INFO 
                o.s.d.r.c.RepositoryConfigurationDelegate
                - Bootstrapping Spring Data JPA repositories in DEFAULT mode.
2026-06-07 12:41:13
                INFO 
                o.s.d.r.c.RepositoryConfigurationDelegate
                - Finished Spring Data repository scanning in 193 ms. Found 2 JPA repository interfaces.
2026-06-07 12:41:15
                INFO 
                org.hibernate.orm.jpa
                - HHH008540: Processing PersistenceUnitInfo [name: default]
2026-06-07 12:41:16
                INFO 
                org.hibernate.orm.core
                - HHH000001: Hibernate ORM core version 7.2.12.Final
2026-06-07 12:41:18
                INFO 
                o.s.o.j.p.SpringPersistenceUnitInfo
                - No LoadTimeWeaver setup: ignoring JPA class transformer
2026-06-07 12:41:18
                INFO 
                com.zaxxer.hikari.HikariDataSource
                - HikariPool-1 - Starting...
2026-06-07 12:41:19
                INFO 
                com.zaxxer.hikari.pool.HikariPool
                - HikariPool-1 - Added connection com.mysql.cj.jdbc.ConnectionImpl@afb7b03
2026-06-07 12:41:19
                INFO 
                com.zaxxer.hikari.HikariDataSource
                - HikariPool-1 - Start completed.
2026-06-07 12:41:19
                WARN 
                org.hibernate.orm.core
                - HHH000511: The 5.5.5 version for [org.hibernate.dialect.MySQLDialect] is no longer supported, hence certain features may not work properly.The minimum supported version is 8.0.0. Check the community dialects project for available legacy versions.
2026-06-07 12:41:19
                WARN 
                org.hibernate.orm.deprecation
                - HHH90000025: MySQLDialect does not need to be specified explicitly using 'hibernate.dialect' (remove the property setting and it will be selected by default)
2026-06-07 12:41:19
                INFO 
                o.hibernate.orm.connections.pooling
                - HHH10001005: Database info:
	Database JDBC URL [jdbc:mysql://localhost:3306/food_delivery]
	Database driver: MySQL Connector/J
	Database dialect: MySQLDialect
	Database version: 5.5.5
	Default catalog/schema: food_delivery/undefined
	Autocommit mode: undefined/unknown
	Isolation level: REPEATABLE_READ [default REPEATABLE_READ]
	JDBC fetch size: none
	Pool: DataSourceConnectionProvider
	Minimum pool size: undefined/unknown
	Maximum pool size: undefined/unknown
2026-06-07 12:41:22
                INFO 
                org.hibernate.orm.core
                - HHH000489: No JTA platform available (set 'hibernate.transaction.jta.platform' to enable JTA platform integration)
2026-06-07 12:41:24
                INFO 
                o.s.o.j.LocalContainerEntityManagerFactoryBean
                - Initialized JPA EntityManagerFactory for persistence unit 'default'
2026-06-07 12:41:24
                INFO 
                o.s.d.j.r.q.QueryEnhancerFactories
                - Hibernate is in classpath; If applicable, HQL parser will be used.
2026-06-07 12:41:25
                WARN 
                o.s.b.j.a.JpaBaseConfiguration$JpaWebConfiguration
                - spring.jpa.open-in-view is enabled by default. Therefore, database queries may be performed during view rendering. Explicitly configure spring.jpa.open-in-view to disable this warning
2026-06-07 12:41:26
                WARN 
                o.s.b.s.a.UserDetailsServiceAutoConfiguration
                - 

Using generated security password: 4c249e08-b2ee-4e29-a459-06ead007dfb8

This generated password is for development use only. Your security configuration must be updated before running your application in production.

2026-06-07 12:41:26
                INFO 
                o.s.s.c.a.a.c.InitializeUserDetailsBeanManagerConfigurer$InitializeUserDetailsManagerConfigurer
                - Global AuthenticationManager configured with UserDetailsService bean with name inMemoryUserDetailsManager
2026-06-07 12:41:28
                INFO 
                c.f.r.RestaurantServiceApplicationTests
                - Started RestaurantServiceApplicationTests in 19.36 seconds (process running for 24.699)
2026-06-07 12:41:30
                INFO 
                o.s.o.j.LocalContainerEntityManagerFactoryBean
                - Closing JPA EntityManagerFactory for persistence unit 'default'
2026-06-07 12:41:30
                INFO 
                com.zaxxer.hikari.HikariDataSource
                - HikariPool-1 - Shutdown initiated...
2026-06-07 12:41:30
                INFO 
                com.zaxxer.hikari.HikariDataSource
                - HikariPool-1 - Shutdown completed.
2026-06-07 13:01:14
                INFO 
                o.h.validator.internal.util.Version
                - HV000001: Hibernate Validator 9.0.1.Final
2026-06-07 13:01:14
                INFO 
                c.f.r.RestaurantServiceApplicationTests
                - Starting RestaurantServiceApplicationTests using Java 21.0.6 with PID 12584 (started by Rutuja in C:\Users\Rutuja\git\Food-Delivery-System\restaurant-service)
2026-06-07 13:01:14
                INFO 
                c.f.r.RestaurantServiceApplicationTests
                - No active profile set, falling back to 1 default profile: "default"
2026-06-07 13:01:17
                INFO 
                o.s.d.r.c.RepositoryConfigurationDelegate
                - Bootstrapping Spring Data JPA repositories in DEFAULT mode.
2026-06-07 13:01:18
                INFO 
                o.s.d.r.c.RepositoryConfigurationDelegate
                - Finished Spring Data repository scanning in 210 ms. Found 2 JPA repository interfaces.
2026-06-07 13:01:20
                INFO 
                org.hibernate.orm.jpa
                - HHH008540: Processing PersistenceUnitInfo [name: default]
2026-06-07 13:01:20
                INFO 
                org.hibernate.orm.core
                - HHH000001: Hibernate ORM core version 7.2.12.Final
2026-06-07 13:01:22
                INFO 
                o.s.o.j.p.SpringPersistenceUnitInfo
                - No LoadTimeWeaver setup: ignoring JPA class transformer
2026-06-07 13:01:22
                INFO 
                com.zaxxer.hikari.HikariDataSource
                - HikariPool-1 - Starting...
2026-06-07 13:01:23
                INFO 
                com.zaxxer.hikari.pool.HikariPool
                - HikariPool-1 - Added connection com.mysql.cj.jdbc.ConnectionImpl@67f266bd
2026-06-07 13:01:23
                INFO 
                com.zaxxer.hikari.HikariDataSource
                - HikariPool-1 - Start completed.
2026-06-07 13:01:23
                WARN 
                org.hibernate.orm.core
                - HHH000511: The 5.5.5 version for [org.hibernate.dialect.MySQLDialect] is no longer supported, hence certain features may not work properly.The minimum supported version is 8.0.0. Check the community dialects project for available legacy versions.
2026-06-07 13:01:23
                WARN 
                org.hibernate.orm.deprecation
                - HHH90000025: MySQLDialect does not need to be specified explicitly using 'hibernate.dialect' (remove the property setting and it will be selected by default)
2026-06-07 13:01:23
                INFO 
                o.hibernate.orm.connections.pooling
                - HHH10001005: Database info:
	Database JDBC URL [jdbc:mysql://localhost:3306/food_delivery]
	Database driver: MySQL Connector/J
	Database dialect: MySQLDialect
	Database version: 5.5.5
	Default catalog/schema: food_delivery/undefined
	Autocommit mode: undefined/unknown
	Isolation level: REPEATABLE_READ [default REPEATABLE_READ]
	JDBC fetch size: none
	Pool: DataSourceConnectionProvider
	Minimum pool size: undefined/unknown
	Maximum pool size: undefined/unknown
2026-06-07 13:01:26
                INFO 
                org.hibernate.orm.core
                - HHH000489: No JTA platform available (set 'hibernate.transaction.jta.platform' to enable JTA platform integration)
2026-06-07 13:01:28
                INFO 
                o.s.o.j.LocalContainerEntityManagerFactoryBean
                - Initialized JPA EntityManagerFactory for persistence unit 'default'
2026-06-07 13:01:28
                INFO 
                o.s.d.j.r.q.QueryEnhancerFactories
                - Hibernate is in classpath; If applicable, HQL parser will be used.
2026-06-07 13:01:29
                WARN 
                o.s.b.j.a.JpaBaseConfiguration$JpaWebConfiguration
                - spring.jpa.open-in-view is enabled by default. Therefore, database queries may be performed during view rendering. Explicitly configure spring.jpa.open-in-view to disable this warning
2026-06-07 13:01:30
                WARN 
                o.s.b.s.a.UserDetailsServiceAutoConfiguration
                - 

Using generated security password: da8ed31a-93f2-4cbc-9ca6-31536f2f603c

This generated password is for development use only. Your security configuration must be updated before running your application in production.

2026-06-07 13:01:30
                INFO 
                o.s.s.c.a.a.c.InitializeUserDetailsBeanManagerConfigurer$InitializeUserDetailsManagerConfigurer
                - Global AuthenticationManager configured with UserDetailsService bean with name inMemoryUserDetailsManager
2026-06-07 13:01:32
                INFO 
                c.f.r.RestaurantServiceApplicationTests
                - Started RestaurantServiceApplicationTests in 18.871 seconds (process running for 23.496)
2026-06-07 13:01:34
                INFO 
                o.s.o.j.LocalContainerEntityManagerFactoryBean
                - Closing JPA EntityManagerFactory for persistence unit 'default'
2026-06-07 13:01:34
                INFO 
                com.zaxxer.hikari.HikariDataSource
                - HikariPool-1 - Shutdown initiated...
2026-06-07 13:01:34
                INFO 
                com.zaxxer.hikari.HikariDataSource
                - HikariPool-1 - Shutdown completed.
2026-06-07 14:22:19
                INFO 
                o.h.validator.internal.util.Version
                - HV000001: Hibernate Validator 9.0.1.Final
2026-06-07 14:22:19
                INFO 
                c.f.r.RestaurantServiceApplicationTests
                - Starting RestaurantServiceApplicationTests using Java 21.0.6 with PID 19420 (started by Rutuja in C:\Users\Rutuja\git\Food-Delivery-System\restaurant-service)
2026-06-07 14:22:19
                INFO 
                c.f.r.RestaurantServiceApplicationTests
                - No active profile set, falling back to 1 default profile: "default"
2026-06-07 14:22:21
                INFO 
                o.s.d.r.c.RepositoryConfigurationDelegate
                - Bootstrapping Spring Data JPA repositories in DEFAULT mode.
2026-06-07 14:22:21
                INFO 
                o.s.d.r.c.RepositoryConfigurationDelegate
                - Finished Spring Data repository scanning in 104 ms. Found 2 JPA repository interfaces.
2026-06-07 14:22:22
                INFO 
                org.hibernate.orm.jpa
                - HHH008540: Processing PersistenceUnitInfo [name: default]
2026-06-07 14:22:23
                INFO 
                org.hibernate.orm.core
                - HHH000001: Hibernate ORM core version 7.2.12.Final
2026-06-07 14:22:25
                INFO 
                o.s.o.j.p.SpringPersistenceUnitInfo
                - No LoadTimeWeaver setup: ignoring JPA class transformer
2026-06-07 14:22:25
                INFO 
                com.zaxxer.hikari.HikariDataSource
                - HikariPool-1 - Starting...
2026-06-07 14:22:25
                INFO 
                com.zaxxer.hikari.pool.HikariPool
                - HikariPool-1 - Added connection com.mysql.cj.jdbc.ConnectionImpl@912747d
2026-06-07 14:22:25
                INFO 
                com.zaxxer.hikari.HikariDataSource
                - HikariPool-1 - Start completed.
2026-06-07 14:22:25
                WARN 
                org.hibernate.orm.core
                - HHH000511: The 5.5.5 version for [org.hibernate.dialect.MySQLDialect] is no longer supported, hence certain features may not work properly.The minimum supported version is 8.0.0. Check the community dialects project for available legacy versions.
2026-06-07 14:22:25
                WARN 
                org.hibernate.orm.deprecation
                - HHH90000025: MySQLDialect does not need to be specified explicitly using 'hibernate.dialect' (remove the property setting and it will be selected by default)
2026-06-07 14:22:25
                INFO 
                o.hibernate.orm.connections.pooling
                - HHH10001005: Database info:
	Database JDBC URL [jdbc:mysql://localhost:3306/food_delivery]
	Database driver: MySQL Connector/J
	Database dialect: MySQLDialect
	Database version: 5.5.5
	Default catalog/schema: food_delivery/undefined
	Autocommit mode: undefined/unknown
	Isolation level: REPEATABLE_READ [default REPEATABLE_READ]
	JDBC fetch size: none
	Pool: DataSourceConnectionProvider
	Minimum pool size: undefined/unknown
	Maximum pool size: undefined/unknown
2026-06-07 14:22:27
                INFO 
                org.hibernate.orm.core
                - HHH000489: No JTA platform available (set 'hibernate.transaction.jta.platform' to enable JTA platform integration)
2026-06-07 14:22:28
                INFO 
                o.s.o.j.LocalContainerEntityManagerFactoryBean
                - Initialized JPA EntityManagerFactory for persistence unit 'default'
2026-06-07 14:22:29
                INFO 
                o.s.d.j.r.q.QueryEnhancerFactories
                - Hibernate is in classpath; If applicable, HQL parser will be used.
2026-06-07 14:22:29
                WARN 
                o.s.b.j.a.JpaBaseConfiguration$JpaWebConfiguration
                - spring.jpa.open-in-view is enabled by default. Therefore, database queries may be performed during view rendering. Explicitly configure spring.jpa.open-in-view to disable this warning
2026-06-07 14:22:29
                WARN 
                o.s.b.s.a.UserDetailsServiceAutoConfiguration
                - 

Using generated security password: 34465ec6-a041-4782-a2f3-8ca3793b89ea

This generated password is for development use only. Your security configuration must be updated before running your application in production.

2026-06-07 14:22:29
                INFO 
                o.s.s.c.a.a.c.InitializeUserDetailsBeanManagerConfigurer$InitializeUserDetailsManagerConfigurer
                - Global AuthenticationManager configured with UserDetailsService bean with name inMemoryUserDetailsManager
2026-06-07 14:22:31
                INFO 
                c.f.r.RestaurantServiceApplicationTests
                - Started RestaurantServiceApplicationTests in 13.253 seconds (process running for 16.474)
2026-06-07 14:22:33
                INFO 
                o.s.o.j.LocalContainerEntityManagerFactoryBean
                - Closing JPA EntityManagerFactory for persistence unit 'default'
2026-06-07 14:22:33
                INFO 
                com.zaxxer.hikari.HikariDataSource
                - HikariPool-1 - Shutdown initiated...
2026-06-07 14:22:33
                INFO 
                com.zaxxer.hikari.HikariDataSource
                - HikariPool-1 - Shutdown completed.
2026-06-07 14:28:27
                INFO 
                o.h.validator.internal.util.Version
                - HV000001: Hibernate Validator 9.0.1.Final
2026-06-07 14:28:27
                INFO 
                c.f.r.RestaurantServiceApplicationTests
                - Starting RestaurantServiceApplicationTests using Java 21.0.6 with PID 24824 (started by Rutuja in C:\Users\Rutuja\git\Food-Delivery-System\restaurant-service)
2026-06-07 14:28:27
                INFO 
                c.f.r.RestaurantServiceApplicationTests
                - No active profile set, falling back to 1 default profile: "default"
2026-06-07 14:28:28
                INFO 
                o.s.d.r.c.RepositoryConfigurationDelegate
                - Bootstrapping Spring Data JPA repositories in DEFAULT mode.
2026-06-07 14:28:29
                INFO 
                o.s.d.r.c.RepositoryConfigurationDelegate
                - Finished Spring Data repository scanning in 122 ms. Found 2 JPA repository interfaces.
2026-06-07 14:28:30
                INFO 
                org.hibernate.orm.jpa
                - HHH008540: Processing PersistenceUnitInfo [name: default]
2026-06-07 14:28:30
                INFO 
                org.hibernate.orm.core
                - HHH000001: Hibernate ORM core version 7.2.12.Final
2026-06-07 14:28:32
                INFO 
                o.s.o.j.p.SpringPersistenceUnitInfo
                - No LoadTimeWeaver setup: ignoring JPA class transformer
2026-06-07 14:28:32
                INFO 
                com.zaxxer.hikari.HikariDataSource
                - HikariPool-1 - Starting...
2026-06-07 14:28:32
                INFO 
                com.zaxxer.hikari.pool.HikariPool
                - HikariPool-1 - Added connection com.mysql.cj.jdbc.ConnectionImpl@afb7b03
2026-06-07 14:28:32
                INFO 
                com.zaxxer.hikari.HikariDataSource
                - HikariPool-1 - Start completed.
2026-06-07 14:28:32
                WARN 
                org.hibernate.orm.core
                - HHH000511: The 5.5.5 version for [org.hibernate.dialect.MySQLDialect] is no longer supported, hence certain features may not work properly.The minimum supported version is 8.0.0. Check the community dialects project for available legacy versions.
2026-06-07 14:28:32
                WARN 
                org.hibernate.orm.deprecation
                - HHH90000025: MySQLDialect does not need to be specified explicitly using 'hibernate.dialect' (remove the property setting and it will be selected by default)
2026-06-07 14:28:32
                INFO 
                o.hibernate.orm.connections.pooling
                - HHH10001005: Database info:
	Database JDBC URL [jdbc:mysql://localhost:3306/food_delivery]
	Database driver: MySQL Connector/J
	Database dialect: MySQLDialect
	Database version: 5.5.5
	Default catalog/schema: food_delivery/undefined
	Autocommit mode: undefined/unknown
	Isolation level: REPEATABLE_READ [default REPEATABLE_READ]
	JDBC fetch size: none
	Pool: DataSourceConnectionProvider
	Minimum pool size: undefined/unknown
	Maximum pool size: undefined/unknown
2026-06-07 14:28:34
                INFO 
                org.hibernate.orm.core
                - HHH000489: No JTA platform available (set 'hibernate.transaction.jta.platform' to enable JTA platform integration)
2026-06-07 14:28:35
                INFO 
                o.s.o.j.LocalContainerEntityManagerFactoryBean
                - Initialized JPA EntityManagerFactory for persistence unit 'default'
2026-06-07 14:28:36
                INFO 
                o.s.d.j.r.q.QueryEnhancerFactories
                - Hibernate is in classpath; If applicable, HQL parser will be used.
2026-06-07 14:28:36
                WARN 
                o.s.b.j.a.JpaBaseConfiguration$JpaWebConfiguration
                - spring.jpa.open-in-view is enabled by default. Therefore, database queries may be performed during view rendering. Explicitly configure spring.jpa.open-in-view to disable this warning
2026-06-07 14:28:37
                WARN 
                o.s.b.s.a.UserDetailsServiceAutoConfiguration
                - 

Using generated security password: 68162812-9622-49c8-b853-92105eb52372

This generated password is for development use only. Your security configuration must be updated before running your application in production.

2026-06-07 14:28:37
                INFO 
                o.s.s.c.a.a.c.InitializeUserDetailsBeanManagerConfigurer$InitializeUserDetailsManagerConfigurer
                - Global AuthenticationManager configured with UserDetailsService bean with name inMemoryUserDetailsManager
2026-06-07 14:28:38
                INFO 
                c.f.r.RestaurantServiceApplicationTests
                - Started RestaurantServiceApplicationTests in 12.382 seconds (process running for 15.362)
2026-06-07 14:28:40
                INFO 
                o.s.o.j.LocalContainerEntityManagerFactoryBean
                - Closing JPA EntityManagerFactory for persistence unit 'default'
2026-06-07 14:28:40
                INFO 
                com.zaxxer.hikari.HikariDataSource
                - HikariPool-1 - Shutdown initiated...
2026-06-07 14:28:40
                INFO 
                com.zaxxer.hikari.HikariDataSource
                - HikariPool-1 - Shutdown completed.
2026-06-07 14:41:53
                INFO 
                o.h.validator.internal.util.Version
                - HV000001: Hibernate Validator 9.0.1.Final
2026-06-07 14:41:53
                INFO 
                c.f.r.RestaurantServiceApplicationTests
                - Starting RestaurantServiceApplicationTests using Java 21.0.6 with PID 21900 (started by Rutuja in C:\Users\Rutuja\git\Food-Delivery-System\restaurant-service)
2026-06-07 14:41:53
                INFO 
                c.f.r.RestaurantServiceApplicationTests
                - No active profile set, falling back to 1 default profile: "default"
2026-06-07 14:41:56
                INFO 
                o.s.d.r.c.RepositoryConfigurationDelegate
                - Bootstrapping Spring Data JPA repositories in DEFAULT mode.
2026-06-07 14:41:56
                INFO 
                o.s.d.r.c.RepositoryConfigurationDelegate
                - Finished Spring Data repository scanning in 195 ms. Found 2 JPA repository interfaces.
2026-06-07 14:41:58
                INFO 
                org.hibernate.orm.jpa
                - HHH008540: Processing PersistenceUnitInfo [name: default]
2026-06-07 14:41:58
                INFO 
                org.hibernate.orm.core
                - HHH000001: Hibernate ORM core version 7.2.12.Final
2026-06-07 14:42:00
                INFO 
                o.s.o.j.p.SpringPersistenceUnitInfo
                - No LoadTimeWeaver setup: ignoring JPA class transformer
2026-06-07 14:42:01
                INFO 
                com.zaxxer.hikari.HikariDataSource
                - HikariPool-1 - Starting...
2026-06-07 14:42:01
                INFO 
                com.zaxxer.hikari.pool.HikariPool
                - HikariPool-1 - Added connection com.mysql.cj.jdbc.ConnectionImpl@afb7b03
2026-06-07 14:42:01
                INFO 
                com.zaxxer.hikari.HikariDataSource
                - HikariPool-1 - Start completed.
2026-06-07 14:42:01
                WARN 
                org.hibernate.orm.core
                - HHH000511: The 5.5.5 version for [org.hibernate.dialect.MySQLDialect] is no longer supported, hence certain features may not work properly.The minimum supported version is 8.0.0. Check the community dialects project for available legacy versions.
2026-06-07 14:42:01
                WARN 
                org.hibernate.orm.deprecation
                - HHH90000025: MySQLDialect does not need to be specified explicitly using 'hibernate.dialect' (remove the property setting and it will be selected by default)
2026-06-07 14:42:01
                INFO 
                o.hibernate.orm.connections.pooling
                - HHH10001005: Database info:
	Database JDBC URL [jdbc:mysql://localhost:3306/food_delivery]
	Database driver: MySQL Connector/J
	Database dialect: MySQLDialect
	Database version: 5.5.5
	Default catalog/schema: food_delivery/undefined
	Autocommit mode: undefined/unknown
	Isolation level: REPEATABLE_READ [default REPEATABLE_READ]
	JDBC fetch size: none
	Pool: DataSourceConnectionProvider
	Minimum pool size: undefined/unknown
	Maximum pool size: undefined/unknown
2026-06-07 14:42:04
                INFO 
                org.hibernate.orm.core
                - HHH000489: No JTA platform available (set 'hibernate.transaction.jta.platform' to enable JTA platform integration)
2026-06-07 14:42:05
                INFO 
                o.s.o.j.LocalContainerEntityManagerFactoryBean
                - Initialized JPA EntityManagerFactory for persistence unit 'default'
2026-06-07 14:42:06
                INFO 
                o.s.d.j.r.q.QueryEnhancerFactories
                - Hibernate is in classpath; If applicable, HQL parser will be used.
2026-06-07 14:42:06
                WARN 
                o.s.b.j.a.JpaBaseConfiguration$JpaWebConfiguration
                - spring.jpa.open-in-view is enabled by default. Therefore, database queries may be performed during view rendering. Explicitly configure spring.jpa.open-in-view to disable this warning
2026-06-07 14:42:07
                WARN 
                o.s.b.s.a.UserDetailsServiceAutoConfiguration
                - 

Using generated security password: 77ea32a6-d59e-4646-932a-144da8838c95

This generated password is for development use only. Your security configuration must be updated before running your application in production.

2026-06-07 14:42:07
                INFO 
                o.s.s.c.a.a.c.InitializeUserDetailsBeanManagerConfigurer$InitializeUserDetailsManagerConfigurer
                - Global AuthenticationManager configured with UserDetailsService bean with name inMemoryUserDetailsManager
2026-06-07 14:42:09
                INFO 
                c.f.r.RestaurantServiceApplicationTests
                - Started RestaurantServiceApplicationTests in 17.259 seconds (process running for 21.711)
2026-06-07 14:42:11
                INFO 
                o.s.o.j.LocalContainerEntityManagerFactoryBean
                - Closing JPA EntityManagerFactory for persistence unit 'default'
2026-06-07 14:42:11
                INFO 
                com.zaxxer.hikari.HikariDataSource
                - HikariPool-1 - Shutdown initiated...
2026-06-07 14:42:11
                INFO 
                com.zaxxer.hikari.HikariDataSource
                - HikariPool-1 - Shutdown completed.
2026-06-07 14:47:50
                INFO 
                o.h.validator.internal.util.Version
                - HV000001: Hibernate Validator 9.0.1.Final
2026-06-07 14:47:50
                INFO 
                c.f.r.RestaurantServiceApplicationTests
                - Starting RestaurantServiceApplicationTests using Java 21.0.6 with PID 8932 (started by Rutuja in C:\Users\Rutuja\git\Food-Delivery-System\restaurant-service)
2026-06-07 14:47:50
                INFO 
                c.f.r.RestaurantServiceApplicationTests
                - No active profile set, falling back to 1 default profile: "default"
2026-06-07 14:47:53
                INFO 
                o.s.d.r.c.RepositoryConfigurationDelegate
                - Bootstrapping Spring Data JPA repositories in DEFAULT mode.
2026-06-07 14:47:53
                INFO 
                o.s.d.r.c.RepositoryConfigurationDelegate
                - Finished Spring Data repository scanning in 179 ms. Found 2 JPA repository interfaces.
2026-06-07 14:47:55
                INFO 
                org.hibernate.orm.jpa
                - HHH008540: Processing PersistenceUnitInfo [name: default]
2026-06-07 14:47:55
                INFO 
                org.hibernate.orm.core
                - HHH000001: Hibernate ORM core version 7.2.12.Final
2026-06-07 14:47:57
                INFO 
                o.s.o.j.p.SpringPersistenceUnitInfo
                - No LoadTimeWeaver setup: ignoring JPA class transformer
2026-06-07 14:47:57
                INFO 
                com.zaxxer.hikari.HikariDataSource
                - HikariPool-1 - Starting...
2026-06-07 14:47:58
                INFO 
                com.zaxxer.hikari.pool.HikariPool
                - HikariPool-1 - Added connection com.mysql.cj.jdbc.ConnectionImpl@afb7b03
2026-06-07 14:47:58
                INFO 
                com.zaxxer.hikari.HikariDataSource
                - HikariPool-1 - Start completed.
2026-06-07 14:47:58
                WARN 
                org.hibernate.orm.core
                - HHH000511: The 5.5.5 version for [org.hibernate.dialect.MySQLDialect] is no longer supported, hence certain features may not work properly.The minimum supported version is 8.0.0. Check the community dialects project for available legacy versions.
2026-06-07 14:47:58
                WARN 
                org.hibernate.orm.deprecation
                - HHH90000025: MySQLDialect does not need to be specified explicitly using 'hibernate.dialect' (remove the property setting and it will be selected by default)
2026-06-07 14:47:58
                INFO 
                o.hibernate.orm.connections.pooling
                - HHH10001005: Database info:
	Database JDBC URL [jdbc:mysql://localhost:3306/food_delivery]
	Database driver: MySQL Connector/J
	Database dialect: MySQLDialect
	Database version: 5.5.5
	Default catalog/schema: food_delivery/undefined
	Autocommit mode: undefined/unknown
	Isolation level: REPEATABLE_READ [default REPEATABLE_READ]
	JDBC fetch size: none
	Pool: DataSourceConnectionProvider
	Minimum pool size: undefined/unknown
	Maximum pool size: undefined/unknown
2026-06-07 14:48:01
                INFO 
                org.hibernate.orm.core
                - HHH000489: No JTA platform available (set 'hibernate.transaction.jta.platform' to enable JTA platform integration)
2026-06-07 14:48:02
                INFO 
                o.s.o.j.LocalContainerEntityManagerFactoryBean
                - Initialized JPA EntityManagerFactory for persistence unit 'default'
2026-06-07 14:48:03
                INFO 
                o.s.d.j.r.q.QueryEnhancerFactories
                - Hibernate is in classpath; If applicable, HQL parser will be used.
2026-06-07 14:48:04
                WARN 
                o.s.b.j.a.JpaBaseConfiguration$JpaWebConfiguration
                - spring.jpa.open-in-view is enabled by default. Therefore, database queries may be performed during view rendering. Explicitly configure spring.jpa.open-in-view to disable this warning
2026-06-07 14:48:04
                WARN 
                o.s.b.s.a.UserDetailsServiceAutoConfiguration
                - 

Using generated security password: d3dcb728-422a-4cf5-971c-c65fcfebc94c

This generated password is for development use only. Your security configuration must be updated before running your application in production.

2026-06-07 14:48:04
                INFO 
                o.s.s.c.a.a.c.InitializeUserDetailsBeanManagerConfigurer$InitializeUserDetailsManagerConfigurer
                - Global AuthenticationManager configured with UserDetailsService bean with name inMemoryUserDetailsManager
2026-06-07 14:48:06
                INFO 
                c.f.r.RestaurantServiceApplicationTests
                - Started RestaurantServiceApplicationTests in 17.772 seconds (process running for 22.56)
2026-06-07 14:48:08
                INFO 
                o.s.o.j.LocalContainerEntityManagerFactoryBean
                - Closing JPA EntityManagerFactory for persistence unit 'default'
2026-06-07 14:48:08
                INFO 
                com.zaxxer.hikari.HikariDataSource
                - HikariPool-1 - Shutdown initiated...
2026-06-07 14:48:08
                INFO 
                com.zaxxer.hikari.HikariDataSource
                - HikariPool-1 - Shutdown completed.
2026-06-08 21:32:25
                INFO 
                o.h.validator.internal.util.Version
                - HV000001: Hibernate Validator 9.0.1.Final
2026-06-08 21:32:25
                INFO 
                c.f.r.RestaurantServiceApplicationTests
                - Starting RestaurantServiceApplicationTests using Java 21.0.6 with PID 19956 (started by Rutuja in C:\Users\Rutuja\git\Food-Delivery-System\restaurant-service)
2026-06-08 21:32:25
                INFO 
                c.f.r.RestaurantServiceApplicationTests
                - No active profile set, falling back to 1 default profile: "default"
2026-06-08 21:32:28
                INFO 
                o.s.d.r.c.RepositoryConfigurationDelegate
                - Bootstrapping Spring Data JPA repositories in DEFAULT mode.
2026-06-08 21:32:29
                INFO 
                o.s.d.r.c.RepositoryConfigurationDelegate
                - Finished Spring Data repository scanning in 202 ms. Found 2 JPA repository interfaces.
2026-06-08 21:32:31
                INFO 
                org.hibernate.orm.jpa
                - HHH008540: Processing PersistenceUnitInfo [name: default]
2026-06-08 21:32:31
                INFO 
                org.hibernate.orm.core
                - HHH000001: Hibernate ORM core version 7.2.12.Final
2026-06-08 21:32:34
                INFO 
                o.s.o.j.p.SpringPersistenceUnitInfo
                - No LoadTimeWeaver setup: ignoring JPA class transformer
2026-06-08 21:32:34
                INFO 
                com.zaxxer.hikari.HikariDataSource
                - HikariPool-1 - Starting...
2026-06-08 21:32:35
                INFO 
                com.zaxxer.hikari.pool.HikariPool
                - HikariPool-1 - Added connection com.mysql.cj.jdbc.ConnectionImpl@1870b9b8
2026-06-08 21:32:35
                INFO 
                com.zaxxer.hikari.HikariDataSource
                - HikariPool-1 - Start completed.
2026-06-08 21:32:35
                WARN 
                org.hibernate.orm.core
                - HHH000511: The 5.5.5 version for [org.hibernate.dialect.MySQLDialect] is no longer supported, hence certain features may not work properly.The minimum supported version is 8.0.0. Check the community dialects project for available legacy versions.
2026-06-08 21:32:35
                WARN 
                org.hibernate.orm.deprecation
                - HHH90000025: MySQLDialect does not need to be specified explicitly using 'hibernate.dialect' (remove the property setting and it will be selected by default)
2026-06-08 21:32:35
                INFO 
                o.hibernate.orm.connections.pooling
                - HHH10001005: Database info:
	Database JDBC URL [jdbc:mysql://localhost:3306/food_delivery]
	Database driver: MySQL Connector/J
	Database dialect: MySQLDialect
	Database version: 5.5.5
	Default catalog/schema: food_delivery/undefined
	Autocommit mode: undefined/unknown
	Isolation level: REPEATABLE_READ [default REPEATABLE_READ]
	JDBC fetch size: none
	Pool: DataSourceConnectionProvider
	Minimum pool size: undefined/unknown
	Maximum pool size: undefined/unknown
2026-06-08 21:32:39
                INFO 
                org.hibernate.orm.core
                - HHH000489: No JTA platform available (set 'hibernate.transaction.jta.platform' to enable JTA platform integration)
2026-06-08 21:32:41
                INFO 
                o.s.o.j.LocalContainerEntityManagerFactoryBean
                - Initialized JPA EntityManagerFactory for persistence unit 'default'
2026-06-08 21:32:41
                INFO 
                o.s.d.j.r.q.QueryEnhancerFactories
                - Hibernate is in classpath; If applicable, HQL parser will be used.
2026-06-08 21:32:42
                WARN 
                o.s.b.j.a.JpaBaseConfiguration$JpaWebConfiguration
                - spring.jpa.open-in-view is enabled by default. Therefore, database queries may be performed during view rendering. Explicitly configure spring.jpa.open-in-view to disable this warning
2026-06-08 21:32:43
                WARN 
                o.s.b.s.a.UserDetailsServiceAutoConfiguration
                - 

Using generated security password: 70abf6cd-3f63-4de4-a9ec-984b65a35193

This generated password is for development use only. Your security configuration must be updated before running your application in production.

2026-06-08 21:32:43
                INFO 
                o.s.s.c.a.a.c.InitializeUserDetailsBeanManagerConfigurer$InitializeUserDetailsManagerConfigurer
                - Global AuthenticationManager configured with UserDetailsService bean with name inMemoryUserDetailsManager
2026-06-08 21:32:46
                INFO 
                c.f.r.RestaurantServiceApplicationTests
                - Started RestaurantServiceApplicationTests in 22.352 seconds (process running for 27.197)
2026-06-08 21:32:47
                INFO 
                o.s.o.j.LocalContainerEntityManagerFactoryBean
                - Closing JPA EntityManagerFactory for persistence unit 'default'
2026-06-08 21:32:47
                INFO 
                com.zaxxer.hikari.HikariDataSource
                - HikariPool-1 - Shutdown initiated...
2026-06-08 21:32:47
                INFO 
                com.zaxxer.hikari.HikariDataSource
                - HikariPool-1 - Shutdown completed.
2026-06-09 19:38:38
                INFO 
                o.h.validator.internal.util.Version
                - HV000001: Hibernate Validator 9.0.1.Final
2026-06-09 19:38:39
                INFO 
                c.f.r.RestaurantServiceApplicationTests
                - Starting RestaurantServiceApplicationTests using Java 21.0.6 with PID 24352 (started by Rutuja in C:\Users\Rutuja\git\Food-Delivery-System\restaurant-service)
2026-06-09 19:38:39
                INFO 
                c.f.r.RestaurantServiceApplicationTests
                - No active profile set, falling back to 1 default profile: "default"
2026-06-09 19:38:42
                INFO 
                o.s.d.r.c.RepositoryConfigurationDelegate
                - Bootstrapping Spring Data JPA repositories in DEFAULT mode.
2026-06-09 19:38:42
                INFO 
                o.s.d.r.c.RepositoryConfigurationDelegate
                - Finished Spring Data repository scanning in 195 ms. Found 2 JPA repository interfaces.
2026-06-09 19:38:45
                INFO 
                org.hibernate.orm.jpa
                - HHH008540: Processing PersistenceUnitInfo [name: default]
2026-06-09 19:38:45
                INFO 
                org.hibernate.orm.core
                - HHH000001: Hibernate ORM core version 7.2.12.Final
2026-06-09 19:38:47
                INFO 
                o.s.o.j.p.SpringPersistenceUnitInfo
                - No LoadTimeWeaver setup: ignoring JPA class transformer
2026-06-09 19:38:47
                INFO 
                com.zaxxer.hikari.HikariDataSource
                - HikariPool-1 - Starting...
2026-06-09 19:38:48
                INFO 
                com.zaxxer.hikari.pool.HikariPool
                - HikariPool-1 - Added connection com.mysql.cj.jdbc.ConnectionImpl@3ce7a354
2026-06-09 19:38:48
                INFO 
                com.zaxxer.hikari.HikariDataSource
                - HikariPool-1 - Start completed.
2026-06-09 19:38:48
                WARN 
                org.hibernate.orm.core
                - HHH000511: The 5.5.5 version for [org.hibernate.dialect.MySQLDialect] is no longer supported, hence certain features may not work properly.The minimum supported version is 8.0.0. Check the community dialects project for available legacy versions.
2026-06-09 19:38:48
                WARN 
                org.hibernate.orm.deprecation
                - HHH90000025: MySQLDialect does not need to be specified explicitly using 'hibernate.dialect' (remove the property setting and it will be selected by default)
2026-06-09 19:38:48
                INFO 
                o.hibernate.orm.connections.pooling
                - HHH10001005: Database info:
	Database JDBC URL [jdbc:mysql://localhost:3306/food_delivery]
	Database driver: MySQL Connector/J
	Database dialect: MySQLDialect
	Database version: 5.5.5
	Default catalog/schema: food_delivery/undefined
	Autocommit mode: undefined/unknown
	Isolation level: REPEATABLE_READ [default REPEATABLE_READ]
	JDBC fetch size: none
	Pool: DataSourceConnectionProvider
	Minimum pool size: undefined/unknown
	Maximum pool size: undefined/unknown
2026-06-09 19:38:51
                INFO 
                org.hibernate.orm.core
                - HHH000489: No JTA platform available (set 'hibernate.transaction.jta.platform' to enable JTA platform integration)
2026-06-09 19:38:54
                INFO 
                o.s.o.j.LocalContainerEntityManagerFactoryBean
                - Initialized JPA EntityManagerFactory for persistence unit 'default'
2026-06-09 19:38:54
                INFO 
                o.s.d.j.r.q.QueryEnhancerFactories
                - Hibernate is in classpath; If applicable, HQL parser will be used.
2026-06-09 19:38:55
                WARN 
                o.s.b.j.a.JpaBaseConfiguration$JpaWebConfiguration
                - spring.jpa.open-in-view is enabled by default. Therefore, database queries may be performed during view rendering. Explicitly configure spring.jpa.open-in-view to disable this warning
2026-06-09 19:38:56
                WARN 
                o.s.b.s.a.UserDetailsServiceAutoConfiguration
                - 

Using generated security password: 09f1dd69-c807-4e21-951c-fca61cfebbe3

This generated password is for development use only. Your security configuration must be updated before running your application in production.

2026-06-09 19:38:56
                INFO 
                o.s.s.c.a.a.c.InitializeUserDetailsBeanManagerConfigurer$InitializeUserDetailsManagerConfigurer
                - Global AuthenticationManager configured with UserDetailsService bean with name inMemoryUserDetailsManager
2026-06-09 19:38:58
                INFO 
                c.f.r.RestaurantServiceApplicationTests
                - Started RestaurantServiceApplicationTests in 21.118 seconds (process running for 25.606)
2026-06-09 19:39:00
                INFO 
                o.s.o.j.LocalContainerEntityManagerFactoryBean
                - Closing JPA EntityManagerFactory for persistence unit 'default'
2026-06-09 19:39:00
                INFO 
                com.zaxxer.hikari.HikariDataSource
                - HikariPool-1 - Shutdown initiated...
2026-06-09 19:39:00
                INFO 
                com.zaxxer.hikari.HikariDataSource
                - HikariPool-1 - Shutdown completed.
2026-06-09 19:48:02
                INFO 
                o.h.validator.internal.util.Version
                - HV000001: Hibernate Validator 9.0.1.Final
2026-06-09 19:48:02
                INFO 
                c.f.r.RestaurantServiceApplicationTests
                - Starting RestaurantServiceApplicationTests using Java 21.0.6 with PID 23608 (started by Rutuja in C:\Users\Rutuja\git\Food-Delivery-System\restaurant-service)
2026-06-09 19:48:02
                INFO 
                c.f.r.RestaurantServiceApplicationTests
                - No active profile set, falling back to 1 default profile: "default"
2026-06-09 19:48:04
                INFO 
                o.s.d.r.c.RepositoryConfigurationDelegate
                - Bootstrapping Spring Data JPA repositories in DEFAULT mode.
2026-06-09 19:48:05
                INFO 
                o.s.d.r.c.RepositoryConfigurationDelegate
                - Finished Spring Data repository scanning in 153 ms. Found 2 JPA repository interfaces.
2026-06-09 19:48:07
                INFO 
                org.hibernate.orm.jpa
                - HHH008540: Processing PersistenceUnitInfo [name: default]
2026-06-09 19:48:07
                INFO 
                org.hibernate.orm.core
                - HHH000001: Hibernate ORM core version 7.2.12.Final
2026-06-09 19:48:09
                INFO 
                o.s.o.j.p.SpringPersistenceUnitInfo
                - No LoadTimeWeaver setup: ignoring JPA class transformer
2026-06-09 19:48:09
                INFO 
                com.zaxxer.hikari.HikariDataSource
                - HikariPool-1 - Starting...
2026-06-09 19:48:10
                INFO 
                com.zaxxer.hikari.pool.HikariPool
                - HikariPool-1 - Added connection com.mysql.cj.jdbc.ConnectionImpl@2b540131
2026-06-09 19:48:10
                INFO 
                com.zaxxer.hikari.HikariDataSource
                - HikariPool-1 - Start completed.
2026-06-09 19:48:10
                WARN 
                org.hibernate.orm.core
                - HHH000511: The 5.5.5 version for [org.hibernate.dialect.MySQLDialect] is no longer supported, hence certain features may not work properly.The minimum supported version is 8.0.0. Check the community dialects project for available legacy versions.
2026-06-09 19:48:10
                WARN 
                org.hibernate.orm.deprecation
                - HHH90000025: MySQLDialect does not need to be specified explicitly using 'hibernate.dialect' (remove the property setting and it will be selected by default)
2026-06-09 19:48:10
                INFO 
                o.hibernate.orm.connections.pooling
                - HHH10001005: Database info:
	Database JDBC URL [jdbc:mysql://localhost:3306/food_delivery]
	Database driver: MySQL Connector/J
	Database dialect: MySQLDialect
	Database version: 5.5.5
	Default catalog/schema: food_delivery/undefined
	Autocommit mode: undefined/unknown
	Isolation level: REPEATABLE_READ [default REPEATABLE_READ]
	JDBC fetch size: none
	Pool: DataSourceConnectionProvider
	Minimum pool size: undefined/unknown
	Maximum pool size: undefined/unknown
2026-06-09 19:48:13
                INFO 
                org.hibernate.orm.core
                - HHH000489: No JTA platform available (set 'hibernate.transaction.jta.platform' to enable JTA platform integration)
2026-06-09 19:48:14
                INFO 
                o.s.o.j.LocalContainerEntityManagerFactoryBean
                - Initialized JPA EntityManagerFactory for persistence unit 'default'
2026-06-09 19:48:14
                INFO 
                o.s.d.j.r.q.QueryEnhancerFactories
                - Hibernate is in classpath; If applicable, HQL parser will be used.
2026-06-09 19:48:15
                WARN 
                o.s.b.j.a.JpaBaseConfiguration$JpaWebConfiguration
                - spring.jpa.open-in-view is enabled by default. Therefore, database queries may be performed during view rendering. Explicitly configure spring.jpa.open-in-view to disable this warning
2026-06-09 19:48:16
                WARN 
                o.s.b.s.a.UserDetailsServiceAutoConfiguration
                - 

Using generated security password: 7cb5efb4-c6d3-480a-aa7f-0a243f8e185d

This generated password is for development use only. Your security configuration must be updated before running your application in production.

2026-06-09 19:48:16
                INFO 
                o.s.s.c.a.a.c.InitializeUserDetailsBeanManagerConfigurer$InitializeUserDetailsManagerConfigurer
                - Global AuthenticationManager configured with UserDetailsService bean with name inMemoryUserDetailsManager
2026-06-09 19:48:18
                INFO 
                c.f.r.RestaurantServiceApplicationTests
                - Started RestaurantServiceApplicationTests in 17.67 seconds (process running for 21.945)
2026-06-09 19:48:20
                INFO 
                o.s.o.j.LocalContainerEntityManagerFactoryBean
                - Closing JPA EntityManagerFactory for persistence unit 'default'
2026-06-09 19:48:20
                INFO 
                com.zaxxer.hikari.HikariDataSource
                - HikariPool-1 - Shutdown initiated...
2026-06-09 19:48:20
                INFO 
                com.zaxxer.hikari.HikariDataSource
                - HikariPool-1 - Shutdown completed.
2026-06-09 19:53:06
                INFO 
                o.h.validator.internal.util.Version
                - HV000001: Hibernate Validator 9.0.1.Final
2026-06-09 19:53:06
                INFO 
                c.f.r.RestaurantServiceApplicationTests
                - Starting RestaurantServiceApplicationTests using Java 21.0.6 with PID 20016 (started by Rutuja in C:\Users\Rutuja\git\Food-Delivery-System\restaurant-service)
2026-06-09 19:53:06
                INFO 
                c.f.r.RestaurantServiceApplicationTests
                - No active profile set, falling back to 1 default profile: "default"
2026-06-09 19:53:08
                INFO 
                o.s.d.r.c.RepositoryConfigurationDelegate
                - Bootstrapping Spring Data JPA repositories in DEFAULT mode.
2026-06-09 19:53:09
                INFO 
                o.s.d.r.c.RepositoryConfigurationDelegate
                - Finished Spring Data repository scanning in 183 ms. Found 2 JPA repository interfaces.
2026-06-09 19:53:11
                INFO 
                org.hibernate.orm.jpa
                - HHH008540: Processing PersistenceUnitInfo [name: default]
2026-06-09 19:53:11
                INFO 
                org.hibernate.orm.core
                - HHH000001: Hibernate ORM core version 7.2.12.Final
2026-06-09 19:53:13
                INFO 
                o.s.o.j.p.SpringPersistenceUnitInfo
                - No LoadTimeWeaver setup: ignoring JPA class transformer
2026-06-09 19:53:13
                INFO 
                com.zaxxer.hikari.HikariDataSource
                - HikariPool-1 - Starting...
2026-06-09 19:53:13
                INFO 
                com.zaxxer.hikari.pool.HikariPool
                - HikariPool-1 - Added connection com.mysql.cj.jdbc.ConnectionImpl@44948ac6
2026-06-09 19:53:13
                INFO 
                com.zaxxer.hikari.HikariDataSource
                - HikariPool-1 - Start completed.
2026-06-09 19:53:14
                WARN 
                org.hibernate.orm.core
                - HHH000511: The 5.5.5 version for [org.hibernate.dialect.MySQLDialect] is no longer supported, hence certain features may not work properly.The minimum supported version is 8.0.0. Check the community dialects project for available legacy versions.
2026-06-09 19:53:14
                WARN 
                org.hibernate.orm.deprecation
                - HHH90000025: MySQLDialect does not need to be specified explicitly using 'hibernate.dialect' (remove the property setting and it will be selected by default)
2026-06-09 19:53:14
                INFO 
                o.hibernate.orm.connections.pooling
                - HHH10001005: Database info:
	Database JDBC URL [jdbc:mysql://localhost:3306/food_delivery]
	Database driver: MySQL Connector/J
	Database dialect: MySQLDialect
	Database version: 5.5.5
	Default catalog/schema: food_delivery/undefined
	Autocommit mode: undefined/unknown
	Isolation level: REPEATABLE_READ [default REPEATABLE_READ]
	JDBC fetch size: none
	Pool: DataSourceConnectionProvider
	Minimum pool size: undefined/unknown
	Maximum pool size: undefined/unknown
2026-06-09 19:53:17
                INFO 
                org.hibernate.orm.core
                - HHH000489: No JTA platform available (set 'hibernate.transaction.jta.platform' to enable JTA platform integration)
2026-06-09 19:53:18
                INFO 
                o.s.o.j.LocalContainerEntityManagerFactoryBean
                - Initialized JPA EntityManagerFactory for persistence unit 'default'
2026-06-09 19:53:18
                INFO 
                o.s.d.j.r.q.QueryEnhancerFactories
                - Hibernate is in classpath; If applicable, HQL parser will be used.
2026-06-09 19:53:19
                WARN 
                o.s.b.j.a.JpaBaseConfiguration$JpaWebConfiguration
                - spring.jpa.open-in-view is enabled by default. Therefore, database queries may be performed during view rendering. Explicitly configure spring.jpa.open-in-view to disable this warning
2026-06-09 19:53:20
                WARN 
                o.s.b.s.a.UserDetailsServiceAutoConfiguration
                - 

Using generated security password: 951d13d8-1f8b-4db6-a334-d30659cb1bca

This generated password is for development use only. Your security configuration must be updated before running your application in production.

2026-06-09 19:53:20
                INFO 
                o.s.s.c.a.a.c.InitializeUserDetailsBeanManagerConfigurer$InitializeUserDetailsManagerConfigurer
                - Global AuthenticationManager configured with UserDetailsService bean with name inMemoryUserDetailsManager
2026-06-09 19:53:22
                INFO 
                c.f.r.RestaurantServiceApplicationTests
                - Started RestaurantServiceApplicationTests in 17.736 seconds (process running for 22.262)
2026-06-09 19:53:24
                INFO 
                o.s.o.j.LocalContainerEntityManagerFactoryBean
                - Closing JPA EntityManagerFactory for persistence unit 'default'
2026-06-09 19:53:24
                INFO 
                com.zaxxer.hikari.HikariDataSource
                - HikariPool-1 - Shutdown initiated...
2026-06-09 19:53:24
                INFO 
                com.zaxxer.hikari.HikariDataSource
                - HikariPool-1 - Shutdown completed.
2026-06-13 14:46:35
                INFO 
                o.h.validator.internal.util.Version
                - HV000001: Hibernate Validator 9.0.1.Final
2026-06-13 14:46:35
                INFO 
                c.f.r.RestaurantServiceApplicationTests
                - Starting RestaurantServiceApplicationTests using Java 21.0.6 with PID 23588 (started by Rutuja in C:\Users\Rutuja\git\Food-Delivery-System\restaurant-service)
2026-06-13 14:46:35
                INFO 
                c.f.r.RestaurantServiceApplicationTests
                - No active profile set, falling back to 1 default profile: "default"
2026-06-13 14:46:38
                INFO 
                o.s.d.r.c.RepositoryConfigurationDelegate
                - Bootstrapping Spring Data JPA repositories in DEFAULT mode.
2026-06-13 14:46:38
                INFO 
                o.s.d.r.c.RepositoryConfigurationDelegate
                - Finished Spring Data repository scanning in 340 ms. Found 2 JPA repository interfaces.
2026-06-13 14:46:39
                WARN 
                o.s.w.c.s.GenericWebApplicationContext
                - Exception encountered during context initialization - cancelling refresh attempt: java.lang.IllegalStateException: Error processing condition on org.springframework.cloud.client.discovery.simple.SimpleDiscoveryClientAutoConfiguration.simpleDiscoveryProperties
2026-06-13 14:46:39
                INFO 
                o.s.b.a.l.ConditionEvaluationReportLogger
                - 

Error starting ApplicationContext. To display the condition evaluation report re-run your application with 'debug' enabled.
2026-06-13 14:46:39
                ERROR
                o.s.boot.SpringApplication
                - Application run failed
java.lang.IllegalStateException: Error processing condition on org.springframework.cloud.client.discovery.simple.SimpleDiscoveryClientAutoConfiguration.simpleDiscoveryProperties
	at org.springframework.boot.autoconfigure.condition.SpringBootCondition.matches(SpringBootCondition.java:60)
	at org.springframework.context.annotation.ConditionEvaluator.shouldSkip(ConditionEvaluator.java:100)
	at org.springframework.context.annotation.ConfigurationClassBeanDefinitionReader.loadBeanDefinitionsForBeanMethod(ConfigurationClassBeanDefinitionReader.java:196)
	at org.springframework.context.annotation.ConfigurationClassBeanDefinitionReader.loadBeanDefinitionsForConfigurationClass(ConfigurationClassBeanDefinitionReader.java:148)
	at org.springframework.context.annotation.ConfigurationClassBeanDefinitionReader.loadBeanDefinitions(ConfigurationClassBeanDefinitionReader.java:124)
	at org.springframework.context.annotation.ConfigurationClassPostProcessor.processConfigBeanDefinitions(ConfigurationClassPostProcessor.java:464)
	at org.springframework.context.annotation.ConfigurationClassPostProcessor.postProcessBeanDefinitionRegistry(ConfigurationClassPostProcessor.java:316)
	at org.springframework.context.support.PostProcessorRegistrationDelegate.invokeBeanDefinitionRegistryPostProcessors(PostProcessorRegistrationDelegate.java:349)
	at org.springframework.context.support.PostProcessorRegistrationDelegate.invokeBeanFactoryPostProcessors(PostProcessorRegistrationDelegate.java:118)
	at org.springframework.context.support.AbstractApplicationContext.invokeBeanFactoryPostProcessors(AbstractApplicationContext.java:795)
	at org.springframework.context.support.AbstractApplicationContext.refresh(AbstractApplicationContext.java:603)
	at org.springframework.boot.SpringApplication.refresh(SpringApplication.java:756)
	at org.springframework.boot.SpringApplication.refreshContext(SpringApplication.java:445)
	at org.springframework.boot.SpringApplication.run(SpringApplication.java:321)
	at org.springframework.boot.test.context.SpringBootContextLoader.lambda$loadContext$2(SpringBootContextLoader.java:155)
	at org.springframework.util.function.ThrowingSupplier.get(ThrowingSupplier.java:58)
	at org.springframework.util.function.ThrowingSupplier.get(ThrowingSupplier.java:46)
	at org.springframework.boot.SpringApplication.withHook(SpringApplication.java:1465)
	at org.springframework.boot.test.context.SpringBootContextLoader$ContextLoaderHook.run(SpringBootContextLoader.java:600)
	at org.springframework.boot.test.context.SpringBootContextLoader.loadContext(SpringBootContextLoader.java:155)
	at org.springframework.boot.test.context.SpringBootContextLoader.loadContext(SpringBootContextLoader.java:114)
	at org.springframework.test.context.cache.DefaultCacheAwareContextLoaderDelegate.loadContextInternal(DefaultCacheAwareContextLoaderDelegate.java:247)
	at org.springframework.test.context.cache.DefaultCacheAwareContextLoaderDelegate.lambda$loadContext$0(DefaultCacheAwareContextLoaderDelegate.java:167)
	at org.springframework.test.context.cache.DefaultContextCache.put(DefaultContextCache.java:214)
	at org.springframework.test.context.cache.DefaultCacheAwareContextLoaderDelegate.loadContext(DefaultCacheAwareContextLoaderDelegate.java:160)
	at org.springframework.test.context.support.DefaultTestContext.getApplicationContext(DefaultTestContext.java:128)
	at org.springframework.test.context.web.ServletTestExecutionListener.setUpRequestContextIfNecessary(ServletTestExecutionListener.java:200)
	at org.springframework.test.context.web.ServletTestExecutionListener.prepareTestInstance(ServletTestExecutionListener.java:139)
	at org.springframework.test.context.TestContextManager.prepareTestInstance(TestContextManager.java:260)
	at org.springframework.test.context.junit.jupiter.SpringExtension.postProcessTestInstance(SpringExtension.java:242)
	at org.junit.jupiter.engine.descriptor.ClassBasedTestDescriptor.lambda$invokeTestInstancePostProcessors$1(ClassBasedTestDescriptor.java:423)
	at org.junit.jupiter.engine.descriptor.ClassBasedTestDescriptor.executeAndMaskThrowable(ClassBasedTestDescriptor.java:428)
	at org.junit.jupiter.engine.descriptor.ClassBasedTestDescriptor.lambda$invokeTestInstancePostProcessors$0(ClassBasedTestDescriptor.java:422)
	at java.base/java.util.stream.ForEachOps$ForEachOp$OfRef.accept(ForEachOps.java:184)
	at java.base/java.util.stream.ReferencePipeline$3$1.accept(ReferencePipeline.java:197)
	at java.base/java.util.stream.ReferencePipeline$2$1.accept(ReferencePipeline.java:179)
	at java.base/java.util.stream.ReferencePipeline$3$1.accept(ReferencePipeline.java:197)
	at java.base/java.util.ArrayList$ArrayListSpliterator.forEachRemaining(ArrayList.java:1708)
	at java.base/java.util.stream.AbstractPipeline.copyInto(AbstractPipeline.java:509)
	at java.base/java.util.stream.AbstractPipeline.wrapAndCopyInto(AbstractPipeline.java:499)
	at java.base/java.util.stream.ForEachOps$ForEachOp.evaluateSequential(ForEachOps.java:151)
	at java.base/java.util.stream.ForEachOps$ForEachOp$OfRef.evaluateSequential(ForEachOps.java:174)
	at java.base/java.util.stream.AbstractPipeline.evaluate(AbstractPipeline.java:234)
	at java.base/java.util.stream.ReferencePipeline.forEach(ReferencePipeline.java:596)
	at org.junit.jupiter.engine.descriptor.ClassBasedTestDescriptor.invokeTestInstancePostProcessors(ClassBasedTestDescriptor.java:422)
	at org.junit.jupiter.engine.descriptor.ClassBasedTestDescriptor.lambda$instantiateAndPostProcessTestInstance$0(ClassBasedTestDescriptor.java:334)
	at org.junit.platform.engine.support.hierarchical.ThrowableCollector.execute(ThrowableCollector.java:74)
	at org.junit.jupiter.engine.descriptor.ClassBasedTestDescriptor.instantiateAndPostProcessTestInstance(ClassBasedTestDescriptor.java:333)
	at org.junit.jupiter.engine.descriptor.ClassBasedTestDescriptor.lambda$testInstancesProvider$1(ClassBasedTestDescriptor.java:322)
	at java.base/java.util.Optional.orElseGet(Optional.java:364)
	at org.junit.jupiter.engine.descriptor.ClassBasedTestDescriptor.lambda$testInstancesProvider$0(ClassBasedTestDescriptor.java:321)
	at org.junit.jupiter.engine.execution.TestInstancesProvider.getTestInstances(TestInstancesProvider.java:27)
	at org.junit.jupiter.engine.descriptor.TestMethodTestDescriptor.lambda$prepare$0(TestMethodTestDescriptor.java:127)
	at org.junit.platform.engine.support.hierarchical.ThrowableCollector.execute(ThrowableCollector.java:74)
	at org.junit.jupiter.engine.descriptor.TestMethodTestDescriptor.prepare(TestMethodTestDescriptor.java:126)
	at org.junit.jupiter.engine.descriptor.TestMethodTestDescriptor.prepare(TestMethodTestDescriptor.java:70)
	at org.junit.platform.engine.support.hierarchical.NodeTestTask.lambda$prepare$0(NodeTestTask.java:144)
	at org.junit.platform.engine.support.hierarchical.ThrowableCollector.execute(ThrowableCollector.java:74)
	at org.junit.platform.engine.support.hierarchical.NodeTestTask.prepare(NodeTestTask.java:144)
	at org.junit.platform.engine.support.hierarchical.NodeTestTask.execute(NodeTestTask.java:110)
	at java.base/java.util.ArrayList.forEach(ArrayList.java:1596)
	at org.junit.platform.engine.support.hierarchical.SameThreadHierarchicalTestExecutorService.invokeAll(SameThreadHierarchicalTestExecutorService.java:42)
	at org.junit.platform.engine.support.hierarchical.NodeTestTask.lambda$executeRecursively$2(NodeTestTask.java:180)
	at org.junit.platform.engine.support.hierarchical.ThrowableCollector.execute(ThrowableCollector.java:74)
	at org.junit.platform.engine.support.hierarchical.NodeTestTask.lambda$executeRecursively$1(NodeTestTask.java:166)
	at org.junit.platform.engine.support.hierarchical.Node.around(Node.java:138)
	at org.junit.platform.engine.support.hierarchical.NodeTestTask.lambda$executeRecursively$0(NodeTestTask.java:164)
	at org.junit.platform.engine.support.hierarchical.ThrowableCollector.execute(ThrowableCollector.java:74)
	at org.junit.platform.engine.support.hierarchical.NodeTestTask.executeRecursively(NodeTestTask.java:163)
	at org.junit.platform.engine.support.hierarchical.NodeTestTask.execute(NodeTestTask.java:116)
	at java.base/java.util.ArrayList.forEach(ArrayList.java:1596)
	at org.junit.platform.engine.support.hierarchical.SameThreadHierarchicalTestExecutorService.invokeAll(SameThreadHierarchicalTestExecutorService.java:42)
	at org.junit.platform.engine.support.hierarchical.NodeTestTask.lambda$executeRecursively$2(NodeTestTask.java:180)
	at org.junit.platform.engine.support.hierarchical.ThrowableCollector.execute(ThrowableCollector.java:74)
	at org.junit.platform.engine.support.hierarchical.NodeTestTask.lambda$executeRecursively$1(NodeTestTask.java:166)
	at org.junit.platform.engine.support.hierarchical.Node.around(Node.java:138)
	at org.junit.platform.engine.support.hierarchical.NodeTestTask.lambda$executeRecursively$0(NodeTestTask.java:164)
	at org.junit.platform.engine.support.hierarchical.ThrowableCollector.execute(ThrowableCollector.java:74)
	at org.junit.platform.engine.support.hierarchical.NodeTestTask.executeRecursively(NodeTestTask.java:163)
	at org.junit.platform.engine.support.hierarchical.NodeTestTask.execute(NodeTestTask.java:116)
	at org.junit.platform.engine.support.hierarchical.SameThreadHierarchicalTestExecutorService.submit(SameThreadHierarchicalTestExecutorService.java:36)
	at org.junit.platform.engine.support.hierarchical.HierarchicalTestExecutor.execute(HierarchicalTestExecutor.java:52)
	at org.junit.platform.engine.support.hierarchical.HierarchicalTestEngine.execute(HierarchicalTestEngine.java:58)
	at org.junit.platform.launcher.core.EngineExecutionOrchestrator.executeEngine(EngineExecutionOrchestrator.java:246)
	at org.junit.platform.launcher.core.EngineExecutionOrchestrator.failOrExecuteEngine(EngineExecutionOrchestrator.java:218)
	at org.junit.platform.launcher.core.EngineExecutionOrchestrator.execute(EngineExecutionOrchestrator.java:179)
	at org.junit.platform.launcher.core.EngineExecutionOrchestrator.execute(EngineExecutionOrchestrator.java:108)
	at org.junit.platform.launcher.core.EngineExecutionOrchestrator.lambda$execute$0(EngineExecutionOrchestrator.java:66)
	at org.junit.platform.launcher.core.EngineExecutionOrchestrator.withInterceptedStreams(EngineExecutionOrchestrator.java:157)
	at org.junit.platform.launcher.core.EngineExecutionOrchestrator.execute(EngineExecutionOrchestrator.java:65)
	at org.junit.platform.launcher.core.DefaultLauncher.execute(DefaultLauncher.java:125)
	at org.junit.platform.launcher.core.DefaultLauncher.execute(DefaultLauncher.java:114)
	at org.junit.platform.launcher.core.DelegatingLauncher.execute(DelegatingLauncher.java:58)
	at org.junit.platform.launcher.core.InterceptingLauncher.lambda$execute$2(InterceptingLauncher.java:57)
	at org.junit.platform.launcher.core.ClasspathAlignmentCheckingLauncherInterceptor.intercept(ClasspathAlignmentCheckingLauncherInterceptor.java:25)
	at org.junit.platform.launcher.core.InterceptingLauncher.execute(InterceptingLauncher.java:56)
	at org.junit.platform.launcher.core.DelegatingLauncher.execute(DelegatingLauncher.java:58)
	at java.base/jdk.internal.reflect.DirectMethodHandleAccessor.invoke(DirectMethodHandleAccessor.java:103)
	at java.base/java.lang.reflect.Method.invoke(Method.java:580)
	at org.apache.maven.surefire.api.util.ReflectionUtils.invokeMethodWithArray(ReflectionUtils.java:125)
	at org.apache.maven.surefire.junitplatform.LauncherAdapter.executeWithCancellationToken(LauncherAdapter.java:68)
	at org.apache.maven.surefire.junitplatform.LauncherAdapter.execute(LauncherAdapter.java:54)
	at org.apache.maven.surefire.junitplatform.JUnitPlatformProvider.execute(JUnitPlatformProvider.java:203)
	at org.apache.maven.surefire.junitplatform.JUnitPlatformProvider.invokeAllTests(JUnitPlatformProvider.java:168)
	at org.apache.maven.surefire.junitplatform.JUnitPlatformProvider.invoke(JUnitPlatformProvider.java:136)
	at org.apache.maven.surefire.booter.ForkedBooter.runSuitesInProcess(ForkedBooter.java:385)
	at org.apache.maven.surefire.booter.ForkedBooter.execute(ForkedBooter.java:162)
	at org.apache.maven.surefire.booter.ForkedBooter.run(ForkedBooter.java:507)
	at org.apache.maven.surefire.booter.ForkedBooter.main(ForkedBooter.java:495)
Caused by: java.lang.IllegalStateException: @ConditionalOnMissingBean did not specify a bean using type, name or annotation and the attempt to deduce the bean's type failed
	at org.springframework.boot.autoconfigure.condition.OnBeanCondition$Spec.validate(OnBeanCondition.java:657)
	at org.springframework.boot.autoconfigure.condition.OnBeanCondition$Spec.<init>(OnBeanCondition.java:603)
	at org.springframework.boot.autoconfigure.condition.OnBeanCondition.getMatchOutcome(OnBeanCondition.java:147)
	at org.springframework.boot.autoconfigure.condition.SpringBootCondition.matches(SpringBootCondition.java:47)
	... 108 common frames omitted
Caused by: org.springframework.boot.autoconfigure.condition.OnBeanCondition$BeanTypeDeductionException: Failed to deduce bean type for org.springframework.cloud.client.discovery.simple.SimpleDiscoveryClientAutoConfiguration.simpleDiscoveryProperties
	at org.springframework.boot.autoconfigure.condition.OnBeanCondition$Spec.deducedBeanTypeForBeanMethod(OnBeanCondition.java:686)
	at org.springframework.boot.autoconfigure.condition.OnBeanCondition$Spec.deducedBeanType(OnBeanCondition.java:676)
	at org.springframework.boot.autoconfigure.condition.OnBeanCondition$Spec.<init>(OnBeanCondition.java:596)
	... 110 common frames omitted
Caused by: java.lang.IllegalStateException: Failed to introspect Class [org.springframework.cloud.client.discovery.simple.SimpleDiscoveryClientAutoConfiguration] from ClassLoader [jdk.internal.loader.ClassLoaders$AppClassLoader@70dea4e]
	at org.springframework.util.ReflectionUtils.getDeclaredMethods(ReflectionUtils.java:483)
	at org.springframework.util.ReflectionUtils.findMethod(ReflectionUtils.java:240)
	at org.springframework.util.ReflectionUtils.findMethod(ReflectionUtils.java:221)
	at org.springframework.boot.autoconfigure.condition.OnBeanCondition$Spec.findBeanMethod(OnBeanCondition.java:715)
	at org.springframework.boot.autoconfigure.condition.OnBeanCondition$Spec.getMethodReturnType(OnBeanCondition.java:710)
	at org.springframework.boot.autoconfigure.condition.OnBeanCondition$Spec.getReturnType(OnBeanCondition.java:694)
	at org.springframework.boot.autoconfigure.condition.OnBeanCondition$Spec.deducedBeanTypeForBeanMethod(OnBeanCondition.java:683)
	... 112 common frames omitted
Caused by: java.lang.NoClassDefFoundError: org/springframework/boot/autoconfigure/web/ServerProperties
	at java.base/java.lang.Class.getDeclaredMethods0(Native Method)
	at java.base/java.lang.Class.privateGetDeclaredMethods(Class.java:3578)
	at java.base/java.lang.Class.getDeclaredMethods(Class.java:2676)
	at org.springframework.util.ReflectionUtils.getDeclaredMethods(ReflectionUtils.java:465)
	... 118 common frames omitted
Caused by: java.lang.ClassNotFoundException: org.springframework.boot.autoconfigure.web.ServerProperties
	at java.base/jdk.internal.loader.BuiltinClassLoader.loadClass(BuiltinClassLoader.java:641)
	at java.base/jdk.internal.loader.ClassLoaders$AppClassLoader.loadClass(ClassLoaders.java:188)
	at java.base/java.lang.ClassLoader.loadClass(ClassLoader.java:526)
	... 122 common frames omitted
2026-06-13 14:46:39
                WARN 
                o.s.test.context.TestContextManager
                - Caught exception while allowing TestExecutionListener [org.springframework.test.context.web.ServletTestExecutionListener] to prepare test instance [com.fooddelivery.restaurantservice.RestaurantServiceApplicationTests@6704df84]
java.lang.IllegalStateException: Failed to load ApplicationContext for [WebMergedContextConfiguration@13d289c7 testClass = com.fooddelivery.restaurantservice.RestaurantServiceApplicationTests, locations = [], classes = [com.fooddelivery.restaurantservice.RestaurantServiceApplication], contextInitializerClasses = [], activeProfiles = [], propertySourceDescriptors = [], propertySourceProperties = ["org.springframework.boot.test.context.SpringBootTestContextBootstrapper=true"], contextCustomizers = [org.springframework.boot.test.context.PropertyMappingContextCustomizer@0, org.springframework.boot.test.context.filter.ExcludeFilterContextCustomizer@64337702, org.springframework.boot.test.json.DuplicateJsonObjectContextCustomizerFactory$DuplicateJsonObjectContextCustomizer@2289aca5, org.springframework.boot.test.autoconfigure.OnFailureConditionReportContextCustomizerFactory$OnFailureConditionReportContextCustomizer@f9d87b, org.springframework.test.context.support.DynamicPropertiesContextCustomizer@0, org.springframework.boot.webmvc.test.autoconfigure.WebDriverContextCustomizer@1e044120, org.springframework.boot.web.server.context.SpringBootTestRandomPortContextCustomizer@35fe2125, org.springframework.boot.test.context.SpringBootTestAnnotation@677785a], resourceBasePath = "src/main/webapp", contextLoader = org.springframework.boot.test.context.SpringBootContextLoader, parent = null]
	at org.springframework.test.context.cache.DefaultCacheAwareContextLoaderDelegate.lambda$loadContext$0(DefaultCacheAwareContextLoaderDelegate.java:195)
	at org.springframework.test.context.cache.DefaultContextCache.put(DefaultContextCache.java:214)
	at org.springframework.test.context.cache.DefaultCacheAwareContextLoaderDelegate.loadContext(DefaultCacheAwareContextLoaderDelegate.java:160)
	at org.springframework.test.context.support.DefaultTestContext.getApplicationContext(DefaultTestContext.java:128)
	at org.springframework.test.context.web.ServletTestExecutionListener.setUpRequestContextIfNecessary(ServletTestExecutionListener.java:200)
	at org.springframework.test.context.web.ServletTestExecutionListener.prepareTestInstance(ServletTestExecutionListener.java:139)
	at org.springframework.test.context.TestContextManager.prepareTestInstance(TestContextManager.java:260)
	at org.springframework.test.context.junit.jupiter.SpringExtension.postProcessTestInstance(SpringExtension.java:242)
	at org.junit.jupiter.engine.descriptor.ClassBasedTestDescriptor.lambda$invokeTestInstancePostProcessors$1(ClassBasedTestDescriptor.java:423)
	at org.junit.jupiter.engine.descriptor.ClassBasedTestDescriptor.executeAndMaskThrowable(ClassBasedTestDescriptor.java:428)
	at org.junit.jupiter.engine.descriptor.ClassBasedTestDescriptor.lambda$invokeTestInstancePostProcessors$0(ClassBasedTestDescriptor.java:422)
	at java.base/java.util.stream.ForEachOps$ForEachOp$OfRef.accept(ForEachOps.java:184)
	at java.base/java.util.stream.ReferencePipeline$3$1.accept(ReferencePipeline.java:197)
	at java.base/java.util.stream.ReferencePipeline$2$1.accept(ReferencePipeline.java:179)
	at java.base/java.util.stream.ReferencePipeline$3$1.accept(ReferencePipeline.java:197)
	at java.base/java.util.ArrayList$ArrayListSpliterator.forEachRemaining(ArrayList.java:1708)
	at java.base/java.util.stream.AbstractPipeline.copyInto(AbstractPipeline.java:509)
	at java.base/java.util.stream.AbstractPipeline.wrapAndCopyInto(AbstractPipeline.java:499)
	at java.base/java.util.stream.ForEachOps$ForEachOp.evaluateSequential(ForEachOps.java:151)
	at java.base/java.util.stream.ForEachOps$ForEachOp$OfRef.evaluateSequential(ForEachOps.java:174)
	at java.base/java.util.stream.AbstractPipeline.evaluate(AbstractPipeline.java:234)
	at java.base/java.util.stream.ReferencePipeline.forEach(ReferencePipeline.java:596)
	at org.junit.jupiter.engine.descriptor.ClassBasedTestDescriptor.invokeTestInstancePostProcessors(ClassBasedTestDescriptor.java:422)
	at org.junit.jupiter.engine.descriptor.ClassBasedTestDescriptor.lambda$instantiateAndPostProcessTestInstance$0(ClassBasedTestDescriptor.java:334)
	at org.junit.platform.engine.support.hierarchical.ThrowableCollector.execute(ThrowableCollector.java:74)
	at org.junit.jupiter.engine.descriptor.ClassBasedTestDescriptor.instantiateAndPostProcessTestInstance(ClassBasedTestDescriptor.java:333)
	at org.junit.jupiter.engine.descriptor.ClassBasedTestDescriptor.lambda$testInstancesProvider$1(ClassBasedTestDescriptor.java:322)
	at java.base/java.util.Optional.orElseGet(Optional.java:364)
	at org.junit.jupiter.engine.descriptor.ClassBasedTestDescriptor.lambda$testInstancesProvider$0(ClassBasedTestDescriptor.java:321)
	at org.junit.jupiter.engine.execution.TestInstancesProvider.getTestInstances(TestInstancesProvider.java:27)
	at org.junit.jupiter.engine.descriptor.TestMethodTestDescriptor.lambda$prepare$0(TestMethodTestDescriptor.java:127)
	at org.junit.platform.engine.support.hierarchical.ThrowableCollector.execute(ThrowableCollector.java:74)
	at org.junit.jupiter.engine.descriptor.TestMethodTestDescriptor.prepare(TestMethodTestDescriptor.java:126)
	at org.junit.jupiter.engine.descriptor.TestMethodTestDescriptor.prepare(TestMethodTestDescriptor.java:70)
	at org.junit.platform.engine.support.hierarchical.NodeTestTask.lambda$prepare$0(NodeTestTask.java:144)
	at org.junit.platform.engine.support.hierarchical.ThrowableCollector.execute(ThrowableCollector.java:74)
	at org.junit.platform.engine.support.hierarchical.NodeTestTask.prepare(NodeTestTask.java:144)
	at org.junit.platform.engine.support.hierarchical.NodeTestTask.execute(NodeTestTask.java:110)
	at java.base/java.util.ArrayList.forEach(ArrayList.java:1596)
	at org.junit.platform.engine.support.hierarchical.SameThreadHierarchicalTestExecutorService.invokeAll(SameThreadHierarchicalTestExecutorService.java:42)
	at org.junit.platform.engine.support.hierarchical.NodeTestTask.lambda$executeRecursively$2(NodeTestTask.java:180)
	at org.junit.platform.engine.support.hierarchical.ThrowableCollector.execute(ThrowableCollector.java:74)
	at org.junit.platform.engine.support.hierarchical.NodeTestTask.lambda$executeRecursively$1(NodeTestTask.java:166)
	at org.junit.platform.engine.support.hierarchical.Node.around(Node.java:138)
	at org.junit.platform.engine.support.hierarchical.NodeTestTask.lambda$executeRecursively$0(NodeTestTask.java:164)
	at org.junit.platform.engine.support.hierarchical.ThrowableCollector.execute(ThrowableCollector.java:74)
	at org.junit.platform.engine.support.hierarchical.NodeTestTask.executeRecursively(NodeTestTask.java:163)
	at org.junit.platform.engine.support.hierarchical.NodeTestTask.execute(NodeTestTask.java:116)
	at java.base/java.util.ArrayList.forEach(ArrayList.java:1596)
	at org.junit.platform.engine.support.hierarchical.SameThreadHierarchicalTestExecutorService.invokeAll(SameThreadHierarchicalTestExecutorService.java:42)
	at org.junit.platform.engine.support.hierarchical.NodeTestTask.lambda$executeRecursively$2(NodeTestTask.java:180)
	at org.junit.platform.engine.support.hierarchical.ThrowableCollector.execute(ThrowableCollector.java:74)
	at org.junit.platform.engine.support.hierarchical.NodeTestTask.lambda$executeRecursively$1(NodeTestTask.java:166)
	at org.junit.platform.engine.support.hierarchical.Node.around(Node.java:138)
	at org.junit.platform.engine.support.hierarchical.NodeTestTask.lambda$executeRecursively$0(NodeTestTask.java:164)
	at org.junit.platform.engine.support.hierarchical.ThrowableCollector.execute(ThrowableCollector.java:74)
	at org.junit.platform.engine.support.hierarchical.NodeTestTask.executeRecursively(NodeTestTask.java:163)
	at org.junit.platform.engine.support.hierarchical.NodeTestTask.execute(NodeTestTask.java:116)
	at org.junit.platform.engine.support.hierarchical.SameThreadHierarchicalTestExecutorService.submit(SameThreadHierarchicalTestExecutorService.java:36)
	at org.junit.platform.engine.support.hierarchical.HierarchicalTestExecutor.execute(HierarchicalTestExecutor.java:52)
	at org.junit.platform.engine.support.hierarchical.HierarchicalTestEngine.execute(HierarchicalTestEngine.java:58)
	at org.junit.platform.launcher.core.EngineExecutionOrchestrator.executeEngine(EngineExecutionOrchestrator.java:246)
	at org.junit.platform.launcher.core.EngineExecutionOrchestrator.failOrExecuteEngine(EngineExecutionOrchestrator.java:218)
	at org.junit.platform.launcher.core.EngineExecutionOrchestrator.execute(EngineExecutionOrchestrator.java:179)
	at org.junit.platform.launcher.core.EngineExecutionOrchestrator.execute(EngineExecutionOrchestrator.java:108)
	at org.junit.platform.launcher.core.EngineExecutionOrchestrator.lambda$execute$0(EngineExecutionOrchestrator.java:66)
	at org.junit.platform.launcher.core.EngineExecutionOrchestrator.withInterceptedStreams(EngineExecutionOrchestrator.java:157)
	at org.junit.platform.launcher.core.EngineExecutionOrchestrator.execute(EngineExecutionOrchestrator.java:65)
	at org.junit.platform.launcher.core.DefaultLauncher.execute(DefaultLauncher.java:125)
	at org.junit.platform.launcher.core.DefaultLauncher.execute(DefaultLauncher.java:114)
	at org.junit.platform.launcher.core.DelegatingLauncher.execute(DelegatingLauncher.java:58)
	at org.junit.platform.launcher.core.InterceptingLauncher.lambda$execute$2(InterceptingLauncher.java:57)
	at org.junit.platform.launcher.core.ClasspathAlignmentCheckingLauncherInterceptor.intercept(ClasspathAlignmentCheckingLauncherInterceptor.java:25)
	at org.junit.platform.launcher.core.InterceptingLauncher.execute(InterceptingLauncher.java:56)
	at org.junit.platform.launcher.core.DelegatingLauncher.execute(DelegatingLauncher.java:58)
	at java.base/jdk.internal.reflect.DirectMethodHandleAccessor.invoke(DirectMethodHandleAccessor.java:103)
	at java.base/java.lang.reflect.Method.invoke(Method.java:580)
	at org.apache.maven.surefire.api.util.ReflectionUtils.invokeMethodWithArray(ReflectionUtils.java:125)
	at org.apache.maven.surefire.junitplatform.LauncherAdapter.executeWithCancellationToken(LauncherAdapter.java:68)
	at org.apache.maven.surefire.junitplatform.LauncherAdapter.execute(LauncherAdapter.java:54)
	at org.apache.maven.surefire.junitplatform.JUnitPlatformProvider.execute(JUnitPlatformProvider.java:203)
	at org.apache.maven.surefire.junitplatform.JUnitPlatformProvider.invokeAllTests(JUnitPlatformProvider.java:168)
	at org.apache.maven.surefire.junitplatform.JUnitPlatformProvider.invoke(JUnitPlatformProvider.java:136)
	at org.apache.maven.surefire.booter.ForkedBooter.runSuitesInProcess(ForkedBooter.java:385)
	at org.apache.maven.surefire.booter.ForkedBooter.execute(ForkedBooter.java:162)
	at org.apache.maven.surefire.booter.ForkedBooter.run(ForkedBooter.java:507)
	at org.apache.maven.surefire.booter.ForkedBooter.main(ForkedBooter.java:495)
Caused by: java.lang.IllegalStateException: Error processing condition on org.springframework.cloud.client.discovery.simple.SimpleDiscoveryClientAutoConfiguration.simpleDiscoveryProperties
	at org.springframework.boot.autoconfigure.condition.SpringBootCondition.matches(SpringBootCondition.java:60)
	at org.springframework.context.annotation.ConditionEvaluator.shouldSkip(ConditionEvaluator.java:100)
	at org.springframework.context.annotation.ConfigurationClassBeanDefinitionReader.loadBeanDefinitionsForBeanMethod(ConfigurationClassBeanDefinitionReader.java:196)
	at org.springframework.context.annotation.ConfigurationClassBeanDefinitionReader.loadBeanDefinitionsForConfigurationClass(ConfigurationClassBeanDefinitionReader.java:148)
	at org.springframework.context.annotation.ConfigurationClassBeanDefinitionReader.loadBeanDefinitions(ConfigurationClassBeanDefinitionReader.java:124)
	at org.springframework.context.annotation.ConfigurationClassPostProcessor.processConfigBeanDefinitions(ConfigurationClassPostProcessor.java:464)
	at org.springframework.context.annotation.ConfigurationClassPostProcessor.postProcessBeanDefinitionRegistry(ConfigurationClassPostProcessor.java:316)
	at org.springframework.context.support.PostProcessorRegistrationDelegate.invokeBeanDefinitionRegistryPostProcessors(PostProcessorRegistrationDelegate.java:349)
	at org.springframework.context.support.PostProcessorRegistrationDelegate.invokeBeanFactoryPostProcessors(PostProcessorRegistrationDelegate.java:118)
	at org.springframework.context.support.AbstractApplicationContext.invokeBeanFactoryPostProcessors(AbstractApplicationContext.java:795)
	at org.springframework.context.support.AbstractApplicationContext.refresh(AbstractApplicationContext.java:603)
	at org.springframework.boot.SpringApplication.refresh(SpringApplication.java:756)
	at org.springframework.boot.SpringApplication.refreshContext(SpringApplication.java:445)
	at org.springframework.boot.SpringApplication.run(SpringApplication.java:321)
	at org.springframework.boot.test.context.SpringBootContextLoader.lambda$loadContext$2(SpringBootContextLoader.java:155)
	at org.springframework.util.function.ThrowingSupplier.get(ThrowingSupplier.java:58)
	at org.springframework.util.function.ThrowingSupplier.get(ThrowingSupplier.java:46)
	at org.springframework.boot.SpringApplication.withHook(SpringApplication.java:1465)
	at org.springframework.boot.test.context.SpringBootContextLoader$ContextLoaderHook.run(SpringBootContextLoader.java:600)
	at org.springframework.boot.test.context.SpringBootContextLoader.loadContext(SpringBootContextLoader.java:155)
	at org.springframework.boot.test.context.SpringBootContextLoader.loadContext(SpringBootContextLoader.java:114)
	at org.springframework.test.context.cache.DefaultCacheAwareContextLoaderDelegate.loadContextInternal(DefaultCacheAwareContextLoaderDelegate.java:247)
	at org.springframework.test.context.cache.DefaultCacheAwareContextLoaderDelegate.lambda$loadContext$0(DefaultCacheAwareContextLoaderDelegate.java:167)
	... 86 common frames omitted
Caused by: java.lang.IllegalStateException: @ConditionalOnMissingBean did not specify a bean using type, name or annotation and the attempt to deduce the bean's type failed
	at org.springframework.boot.autoconfigure.condition.OnBeanCondition$Spec.validate(OnBeanCondition.java:657)
	at org.springframework.boot.autoconfigure.condition.OnBeanCondition$Spec.<init>(OnBeanCondition.java:603)
	at org.springframework.boot.autoconfigure.condition.OnBeanCondition.getMatchOutcome(OnBeanCondition.java:147)
	at org.springframework.boot.autoconfigure.condition.SpringBootCondition.matches(SpringBootCondition.java:47)
	... 108 common frames omitted
Caused by: org.springframework.boot.autoconfigure.condition.OnBeanCondition$BeanTypeDeductionException: Failed to deduce bean type for org.springframework.cloud.client.discovery.simple.SimpleDiscoveryClientAutoConfiguration.simpleDiscoveryProperties
	at org.springframework.boot.autoconfigure.condition.OnBeanCondition$Spec.deducedBeanTypeForBeanMethod(OnBeanCondition.java:686)
	at org.springframework.boot.autoconfigure.condition.OnBeanCondition$Spec.deducedBeanType(OnBeanCondition.java:676)
	at org.springframework.boot.autoconfigure.condition.OnBeanCondition$Spec.<init>(OnBeanCondition.java:596)
	... 110 common frames omitted
Caused by: java.lang.IllegalStateException: Failed to introspect Class [org.springframework.cloud.client.discovery.simple.SimpleDiscoveryClientAutoConfiguration] from ClassLoader [jdk.internal.loader.ClassLoaders$AppClassLoader@70dea4e]
	at org.springframework.util.ReflectionUtils.getDeclaredMethods(ReflectionUtils.java:483)
	at org.springframework.util.ReflectionUtils.findMethod(ReflectionUtils.java:240)
	at org.springframework.util.ReflectionUtils.findMethod(ReflectionUtils.java:221)
	at org.springframework.boot.autoconfigure.condition.OnBeanCondition$Spec.findBeanMethod(OnBeanCondition.java:715)
	at org.springframework.boot.autoconfigure.condition.OnBeanCondition$Spec.getMethodReturnType(OnBeanCondition.java:710)
	at org.springframework.boot.autoconfigure.condition.OnBeanCondition$Spec.getReturnType(OnBeanCondition.java:694)
	at org.springframework.boot.autoconfigure.condition.OnBeanCondition$Spec.deducedBeanTypeForBeanMethod(OnBeanCondition.java:683)
	... 112 common frames omitted
Caused by: java.lang.NoClassDefFoundError: org/springframework/boot/autoconfigure/web/ServerProperties
	at java.base/java.lang.Class.getDeclaredMethods0(Native Method)
	at java.base/java.lang.Class.privateGetDeclaredMethods(Class.java:3578)
	at java.base/java.lang.Class.getDeclaredMethods(Class.java:2676)
	at org.springframework.util.ReflectionUtils.getDeclaredMethods(ReflectionUtils.java:465)
	... 118 common frames omitted
Caused by: java.lang.ClassNotFoundException: org.springframework.boot.autoconfigure.web.ServerProperties
	at java.base/jdk.internal.loader.BuiltinClassLoader.loadClass(BuiltinClassLoader.java:641)
	at java.base/jdk.internal.loader.ClassLoaders$AppClassLoader.loadClass(ClassLoaders.java:188)
	at java.base/java.lang.ClassLoader.loadClass(ClassLoader.java:526)
	... 122 common frames omitted
2026-06-13 14:48:38
                INFO 
                o.h.validator.internal.util.Version
                - HV000001: Hibernate Validator 9.0.1.Final
2026-06-13 14:48:38
                INFO 
                c.f.r.RestaurantServiceApplicationTests
                - Starting RestaurantServiceApplicationTests using Java 21.0.6 with PID 17640 (started by Rutuja in C:\Users\Rutuja\git\Food-Delivery-System\restaurant-service)
2026-06-13 14:48:38
                INFO 
                c.f.r.RestaurantServiceApplicationTests
                - No active profile set, falling back to 1 default profile: "default"
2026-06-13 14:48:41
                INFO 
                o.s.d.r.c.RepositoryConfigurationDelegate
                - Bootstrapping Spring Data JPA repositories in DEFAULT mode.
2026-06-13 14:48:41
                INFO 
                o.s.d.r.c.RepositoryConfigurationDelegate
                - Finished Spring Data repository scanning in 374 ms. Found 2 JPA repository interfaces.
2026-06-13 14:48:42
                WARN 
                o.s.w.c.s.GenericWebApplicationContext
                - Exception encountered during context initialization - cancelling refresh attempt: java.lang.IllegalStateException: Error processing condition on org.springframework.cloud.client.discovery.simple.SimpleDiscoveryClientAutoConfiguration.simpleDiscoveryProperties
2026-06-13 14:48:42
                INFO 
                o.s.b.a.l.ConditionEvaluationReportLogger
                - 

Error starting ApplicationContext. To display the condition evaluation report re-run your application with 'debug' enabled.
2026-06-13 14:48:42
                ERROR
                o.s.boot.SpringApplication
                - Application run failed
java.lang.IllegalStateException: Error processing condition on org.springframework.cloud.client.discovery.simple.SimpleDiscoveryClientAutoConfiguration.simpleDiscoveryProperties
	at org.springframework.boot.autoconfigure.condition.SpringBootCondition.matches(SpringBootCondition.java:60)
	at org.springframework.context.annotation.ConditionEvaluator.shouldSkip(ConditionEvaluator.java:100)
	at org.springframework.context.annotation.ConfigurationClassBeanDefinitionReader.loadBeanDefinitionsForBeanMethod(ConfigurationClassBeanDefinitionReader.java:196)
	at org.springframework.context.annotation.ConfigurationClassBeanDefinitionReader.loadBeanDefinitionsForConfigurationClass(ConfigurationClassBeanDefinitionReader.java:148)
	at org.springframework.context.annotation.ConfigurationClassBeanDefinitionReader.loadBeanDefinitions(ConfigurationClassBeanDefinitionReader.java:124)
	at org.springframework.context.annotation.ConfigurationClassPostProcessor.processConfigBeanDefinitions(ConfigurationClassPostProcessor.java:464)
	at org.springframework.context.annotation.ConfigurationClassPostProcessor.postProcessBeanDefinitionRegistry(ConfigurationClassPostProcessor.java:316)
	at org.springframework.context.support.PostProcessorRegistrationDelegate.invokeBeanDefinitionRegistryPostProcessors(PostProcessorRegistrationDelegate.java:349)
	at org.springframework.context.support.PostProcessorRegistrationDelegate.invokeBeanFactoryPostProcessors(PostProcessorRegistrationDelegate.java:118)
	at org.springframework.context.support.AbstractApplicationContext.invokeBeanFactoryPostProcessors(AbstractApplicationContext.java:795)
	at org.springframework.context.support.AbstractApplicationContext.refresh(AbstractApplicationContext.java:603)
	at org.springframework.boot.SpringApplication.refresh(SpringApplication.java:756)
	at org.springframework.boot.SpringApplication.refreshContext(SpringApplication.java:445)
	at org.springframework.boot.SpringApplication.run(SpringApplication.java:321)
	at org.springframework.boot.test.context.SpringBootContextLoader.lambda$loadContext$2(SpringBootContextLoader.java:155)
	at org.springframework.util.function.ThrowingSupplier.get(ThrowingSupplier.java:58)
	at org.springframework.util.function.ThrowingSupplier.get(ThrowingSupplier.java:46)
	at org.springframework.boot.SpringApplication.withHook(SpringApplication.java:1465)
	at org.springframework.boot.test.context.SpringBootContextLoader$ContextLoaderHook.run(SpringBootContextLoader.java:600)
	at org.springframework.boot.test.context.SpringBootContextLoader.loadContext(SpringBootContextLoader.java:155)
	at org.springframework.boot.test.context.SpringBootContextLoader.loadContext(SpringBootContextLoader.java:114)
	at org.springframework.test.context.cache.DefaultCacheAwareContextLoaderDelegate.loadContextInternal(DefaultCacheAwareContextLoaderDelegate.java:247)
	at org.springframework.test.context.cache.DefaultCacheAwareContextLoaderDelegate.lambda$loadContext$0(DefaultCacheAwareContextLoaderDelegate.java:167)
	at org.springframework.test.context.cache.DefaultContextCache.put(DefaultContextCache.java:214)
	at org.springframework.test.context.cache.DefaultCacheAwareContextLoaderDelegate.loadContext(DefaultCacheAwareContextLoaderDelegate.java:160)
	at org.springframework.test.context.support.DefaultTestContext.getApplicationContext(DefaultTestContext.java:128)
	at org.springframework.test.context.web.ServletTestExecutionListener.setUpRequestContextIfNecessary(ServletTestExecutionListener.java:200)
	at org.springframework.test.context.web.ServletTestExecutionListener.prepareTestInstance(ServletTestExecutionListener.java:139)
	at org.springframework.test.context.TestContextManager.prepareTestInstance(TestContextManager.java:260)
	at org.springframework.test.context.junit.jupiter.SpringExtension.postProcessTestInstance(SpringExtension.java:242)
	at org.junit.jupiter.engine.descriptor.ClassBasedTestDescriptor.lambda$invokeTestInstancePostProcessors$1(ClassBasedTestDescriptor.java:423)
	at org.junit.jupiter.engine.descriptor.ClassBasedTestDescriptor.executeAndMaskThrowable(ClassBasedTestDescriptor.java:428)
	at org.junit.jupiter.engine.descriptor.ClassBasedTestDescriptor.lambda$invokeTestInstancePostProcessors$0(ClassBasedTestDescriptor.java:422)
	at java.base/java.util.stream.ForEachOps$ForEachOp$OfRef.accept(ForEachOps.java:184)
	at java.base/java.util.stream.ReferencePipeline$3$1.accept(ReferencePipeline.java:197)
	at java.base/java.util.stream.ReferencePipeline$2$1.accept(ReferencePipeline.java:179)
	at java.base/java.util.stream.ReferencePipeline$3$1.accept(ReferencePipeline.java:197)
	at java.base/java.util.ArrayList$ArrayListSpliterator.forEachRemaining(ArrayList.java:1708)
	at java.base/java.util.stream.AbstractPipeline.copyInto(AbstractPipeline.java:509)
	at java.base/java.util.stream.AbstractPipeline.wrapAndCopyInto(AbstractPipeline.java:499)
	at java.base/java.util.stream.ForEachOps$ForEachOp.evaluateSequential(ForEachOps.java:151)
	at java.base/java.util.stream.ForEachOps$ForEachOp$OfRef.evaluateSequential(ForEachOps.java:174)
	at java.base/java.util.stream.AbstractPipeline.evaluate(AbstractPipeline.java:234)
	at java.base/java.util.stream.ReferencePipeline.forEach(ReferencePipeline.java:596)
	at org.junit.jupiter.engine.descriptor.ClassBasedTestDescriptor.invokeTestInstancePostProcessors(ClassBasedTestDescriptor.java:422)
	at org.junit.jupiter.engine.descriptor.ClassBasedTestDescriptor.lambda$instantiateAndPostProcessTestInstance$0(ClassBasedTestDescriptor.java:334)
	at org.junit.platform.engine.support.hierarchical.ThrowableCollector.execute(ThrowableCollector.java:74)
	at org.junit.jupiter.engine.descriptor.ClassBasedTestDescriptor.instantiateAndPostProcessTestInstance(ClassBasedTestDescriptor.java:333)
	at org.junit.jupiter.engine.descriptor.ClassBasedTestDescriptor.lambda$testInstancesProvider$1(ClassBasedTestDescriptor.java:322)
	at java.base/java.util.Optional.orElseGet(Optional.java:364)
	at org.junit.jupiter.engine.descriptor.ClassBasedTestDescriptor.lambda$testInstancesProvider$0(ClassBasedTestDescriptor.java:321)
	at org.junit.jupiter.engine.execution.TestInstancesProvider.getTestInstances(TestInstancesProvider.java:27)
	at org.junit.jupiter.engine.descriptor.TestMethodTestDescriptor.lambda$prepare$0(TestMethodTestDescriptor.java:127)
	at org.junit.platform.engine.support.hierarchical.ThrowableCollector.execute(ThrowableCollector.java:74)
	at org.junit.jupiter.engine.descriptor.TestMethodTestDescriptor.prepare(TestMethodTestDescriptor.java:126)
	at org.junit.jupiter.engine.descriptor.TestMethodTestDescriptor.prepare(TestMethodTestDescriptor.java:70)
	at org.junit.platform.engine.support.hierarchical.NodeTestTask.lambda$prepare$0(NodeTestTask.java:144)
	at org.junit.platform.engine.support.hierarchical.ThrowableCollector.execute(ThrowableCollector.java:74)
	at org.junit.platform.engine.support.hierarchical.NodeTestTask.prepare(NodeTestTask.java:144)
	at org.junit.platform.engine.support.hierarchical.NodeTestTask.execute(NodeTestTask.java:110)
	at java.base/java.util.ArrayList.forEach(ArrayList.java:1596)
	at org.junit.platform.engine.support.hierarchical.SameThreadHierarchicalTestExecutorService.invokeAll(SameThreadHierarchicalTestExecutorService.java:42)
	at org.junit.platform.engine.support.hierarchical.NodeTestTask.lambda$executeRecursively$2(NodeTestTask.java:180)
	at org.junit.platform.engine.support.hierarchical.ThrowableCollector.execute(ThrowableCollector.java:74)
	at org.junit.platform.engine.support.hierarchical.NodeTestTask.lambda$executeRecursively$1(NodeTestTask.java:166)
	at org.junit.platform.engine.support.hierarchical.Node.around(Node.java:138)
	at org.junit.platform.engine.support.hierarchical.NodeTestTask.lambda$executeRecursively$0(NodeTestTask.java:164)
	at org.junit.platform.engine.support.hierarchical.ThrowableCollector.execute(ThrowableCollector.java:74)
	at org.junit.platform.engine.support.hierarchical.NodeTestTask.executeRecursively(NodeTestTask.java:163)
	at org.junit.platform.engine.support.hierarchical.NodeTestTask.execute(NodeTestTask.java:116)
	at java.base/java.util.ArrayList.forEach(ArrayList.java:1596)
	at org.junit.platform.engine.support.hierarchical.SameThreadHierarchicalTestExecutorService.invokeAll(SameThreadHierarchicalTestExecutorService.java:42)
	at org.junit.platform.engine.support.hierarchical.NodeTestTask.lambda$executeRecursively$2(NodeTestTask.java:180)
	at org.junit.platform.engine.support.hierarchical.ThrowableCollector.execute(ThrowableCollector.java:74)
	at org.junit.platform.engine.support.hierarchical.NodeTestTask.lambda$executeRecursively$1(NodeTestTask.java:166)
	at org.junit.platform.engine.support.hierarchical.Node.around(Node.java:138)
	at org.junit.platform.engine.support.hierarchical.NodeTestTask.lambda$executeRecursively$0(NodeTestTask.java:164)
	at org.junit.platform.engine.support.hierarchical.ThrowableCollector.execute(ThrowableCollector.java:74)
	at org.junit.platform.engine.support.hierarchical.NodeTestTask.executeRecursively(NodeTestTask.java:163)
	at org.junit.platform.engine.support.hierarchical.NodeTestTask.execute(NodeTestTask.java:116)
	at org.junit.platform.engine.support.hierarchical.SameThreadHierarchicalTestExecutorService.submit(SameThreadHierarchicalTestExecutorService.java:36)
	at org.junit.platform.engine.support.hierarchical.HierarchicalTestExecutor.execute(HierarchicalTestExecutor.java:52)
	at org.junit.platform.engine.support.hierarchical.HierarchicalTestEngine.execute(HierarchicalTestEngine.java:58)
	at org.junit.platform.launcher.core.EngineExecutionOrchestrator.executeEngine(EngineExecutionOrchestrator.java:246)
	at org.junit.platform.launcher.core.EngineExecutionOrchestrator.failOrExecuteEngine(EngineExecutionOrchestrator.java:218)
	at org.junit.platform.launcher.core.EngineExecutionOrchestrator.execute(EngineExecutionOrchestrator.java:179)
	at org.junit.platform.launcher.core.EngineExecutionOrchestrator.execute(EngineExecutionOrchestrator.java:108)
	at org.junit.platform.launcher.core.EngineExecutionOrchestrator.lambda$execute$0(EngineExecutionOrchestrator.java:66)
	at org.junit.platform.launcher.core.EngineExecutionOrchestrator.withInterceptedStreams(EngineExecutionOrchestrator.java:157)
	at org.junit.platform.launcher.core.EngineExecutionOrchestrator.execute(EngineExecutionOrchestrator.java:65)
	at org.junit.platform.launcher.core.DefaultLauncher.execute(DefaultLauncher.java:125)
	at org.junit.platform.launcher.core.DefaultLauncher.execute(DefaultLauncher.java:114)
	at org.junit.platform.launcher.core.DelegatingLauncher.execute(DelegatingLauncher.java:58)
	at org.junit.platform.launcher.core.InterceptingLauncher.lambda$execute$2(InterceptingLauncher.java:57)
	at org.junit.platform.launcher.core.ClasspathAlignmentCheckingLauncherInterceptor.intercept(ClasspathAlignmentCheckingLauncherInterceptor.java:25)
	at org.junit.platform.launcher.core.InterceptingLauncher.execute(InterceptingLauncher.java:56)
	at org.junit.platform.launcher.core.DelegatingLauncher.execute(DelegatingLauncher.java:58)
	at java.base/jdk.internal.reflect.DirectMethodHandleAccessor.invoke(DirectMethodHandleAccessor.java:103)
	at java.base/java.lang.reflect.Method.invoke(Method.java:580)
	at org.apache.maven.surefire.api.util.ReflectionUtils.invokeMethodWithArray(ReflectionUtils.java:125)
	at org.apache.maven.surefire.junitplatform.LauncherAdapter.executeWithCancellationToken(LauncherAdapter.java:68)
	at org.apache.maven.surefire.junitplatform.LauncherAdapter.execute(LauncherAdapter.java:54)
	at org.apache.maven.surefire.junitplatform.JUnitPlatformProvider.execute(JUnitPlatformProvider.java:203)
	at org.apache.maven.surefire.junitplatform.JUnitPlatformProvider.invokeAllTests(JUnitPlatformProvider.java:168)
	at org.apache.maven.surefire.junitplatform.JUnitPlatformProvider.invoke(JUnitPlatformProvider.java:136)
	at org.apache.maven.surefire.booter.ForkedBooter.runSuitesInProcess(ForkedBooter.java:385)
	at org.apache.maven.surefire.booter.ForkedBooter.execute(ForkedBooter.java:162)
	at org.apache.maven.surefire.booter.ForkedBooter.run(ForkedBooter.java:507)
	at org.apache.maven.surefire.booter.ForkedBooter.main(ForkedBooter.java:495)
Caused by: java.lang.IllegalStateException: @ConditionalOnMissingBean did not specify a bean using type, name or annotation and the attempt to deduce the bean's type failed
	at org.springframework.boot.autoconfigure.condition.OnBeanCondition$Spec.validate(OnBeanCondition.java:657)
	at org.springframework.boot.autoconfigure.condition.OnBeanCondition$Spec.<init>(OnBeanCondition.java:603)
	at org.springframework.boot.autoconfigure.condition.OnBeanCondition.getMatchOutcome(OnBeanCondition.java:147)
	at org.springframework.boot.autoconfigure.condition.SpringBootCondition.matches(SpringBootCondition.java:47)
	... 108 common frames omitted
Caused by: org.springframework.boot.autoconfigure.condition.OnBeanCondition$BeanTypeDeductionException: Failed to deduce bean type for org.springframework.cloud.client.discovery.simple.SimpleDiscoveryClientAutoConfiguration.simpleDiscoveryProperties
	at org.springframework.boot.autoconfigure.condition.OnBeanCondition$Spec.deducedBeanTypeForBeanMethod(OnBeanCondition.java:686)
	at org.springframework.boot.autoconfigure.condition.OnBeanCondition$Spec.deducedBeanType(OnBeanCondition.java:676)
	at org.springframework.boot.autoconfigure.condition.OnBeanCondition$Spec.<init>(OnBeanCondition.java:596)
	... 110 common frames omitted
Caused by: java.lang.IllegalStateException: Failed to introspect Class [org.springframework.cloud.client.discovery.simple.SimpleDiscoveryClientAutoConfiguration] from ClassLoader [jdk.internal.loader.ClassLoaders$AppClassLoader@70dea4e]
	at org.springframework.util.ReflectionUtils.getDeclaredMethods(ReflectionUtils.java:483)
	at org.springframework.util.ReflectionUtils.findMethod(ReflectionUtils.java:240)
	at org.springframework.util.ReflectionUtils.findMethod(ReflectionUtils.java:221)
	at org.springframework.boot.autoconfigure.condition.OnBeanCondition$Spec.findBeanMethod(OnBeanCondition.java:715)
	at org.springframework.boot.autoconfigure.condition.OnBeanCondition$Spec.getMethodReturnType(OnBeanCondition.java:710)
	at org.springframework.boot.autoconfigure.condition.OnBeanCondition$Spec.getReturnType(OnBeanCondition.java:694)
	at org.springframework.boot.autoconfigure.condition.OnBeanCondition$Spec.deducedBeanTypeForBeanMethod(OnBeanCondition.java:683)
	... 112 common frames omitted
Caused by: java.lang.NoClassDefFoundError: org/springframework/boot/autoconfigure/web/ServerProperties
	at java.base/java.lang.Class.getDeclaredMethods0(Native Method)
	at java.base/java.lang.Class.privateGetDeclaredMethods(Class.java:3578)
	at java.base/java.lang.Class.getDeclaredMethods(Class.java:2676)
	at org.springframework.util.ReflectionUtils.getDeclaredMethods(ReflectionUtils.java:465)
	... 118 common frames omitted
Caused by: java.lang.ClassNotFoundException: org.springframework.boot.autoconfigure.web.ServerProperties
	at java.base/jdk.internal.loader.BuiltinClassLoader.loadClass(BuiltinClassLoader.java:641)
	at java.base/jdk.internal.loader.ClassLoaders$AppClassLoader.loadClass(ClassLoaders.java:188)
	at java.base/java.lang.ClassLoader.loadClass(ClassLoader.java:526)
	... 122 common frames omitted
2026-06-13 14:48:42
                WARN 
                o.s.test.context.TestContextManager
                - Caught exception while allowing TestExecutionListener [org.springframework.test.context.web.ServletTestExecutionListener] to prepare test instance [com.fooddelivery.restaurantservice.RestaurantServiceApplicationTests@538b3c88]
java.lang.IllegalStateException: Failed to load ApplicationContext for [WebMergedContextConfiguration@51ed2f68 testClass = com.fooddelivery.restaurantservice.RestaurantServiceApplicationTests, locations = [], classes = [com.fooddelivery.restaurantservice.RestaurantServiceApplication], contextInitializerClasses = [], activeProfiles = [], propertySourceDescriptors = [], propertySourceProperties = ["org.springframework.boot.test.context.SpringBootTestContextBootstrapper=true"], contextCustomizers = [org.springframework.boot.test.context.PropertyMappingContextCustomizer@0, org.springframework.boot.test.context.filter.ExcludeFilterContextCustomizer@64337702, org.springframework.boot.test.json.DuplicateJsonObjectContextCustomizerFactory$DuplicateJsonObjectContextCustomizer@2289aca5, org.springframework.boot.test.autoconfigure.OnFailureConditionReportContextCustomizerFactory$OnFailureConditionReportContextCustomizer@f9d87b, org.springframework.test.context.support.DynamicPropertiesContextCustomizer@0, org.springframework.boot.webmvc.test.autoconfigure.WebDriverContextCustomizer@1e044120, org.springframework.boot.web.server.context.SpringBootTestRandomPortContextCustomizer@35fe2125, org.springframework.boot.test.context.SpringBootTestAnnotation@677785a], resourceBasePath = "src/main/webapp", contextLoader = org.springframework.boot.test.context.SpringBootContextLoader, parent = null]
	at org.springframework.test.context.cache.DefaultCacheAwareContextLoaderDelegate.lambda$loadContext$0(DefaultCacheAwareContextLoaderDelegate.java:195)
	at org.springframework.test.context.cache.DefaultContextCache.put(DefaultContextCache.java:214)
	at org.springframework.test.context.cache.DefaultCacheAwareContextLoaderDelegate.loadContext(DefaultCacheAwareContextLoaderDelegate.java:160)
	at org.springframework.test.context.support.DefaultTestContext.getApplicationContext(DefaultTestContext.java:128)
	at org.springframework.test.context.web.ServletTestExecutionListener.setUpRequestContextIfNecessary(ServletTestExecutionListener.java:200)
	at org.springframework.test.context.web.ServletTestExecutionListener.prepareTestInstance(ServletTestExecutionListener.java:139)
	at org.springframework.test.context.TestContextManager.prepareTestInstance(TestContextManager.java:260)
	at org.springframework.test.context.junit.jupiter.SpringExtension.postProcessTestInstance(SpringExtension.java:242)
	at org.junit.jupiter.engine.descriptor.ClassBasedTestDescriptor.lambda$invokeTestInstancePostProcessors$1(ClassBasedTestDescriptor.java:423)
	at org.junit.jupiter.engine.descriptor.ClassBasedTestDescriptor.executeAndMaskThrowable(ClassBasedTestDescriptor.java:428)
	at org.junit.jupiter.engine.descriptor.ClassBasedTestDescriptor.lambda$invokeTestInstancePostProcessors$0(ClassBasedTestDescriptor.java:422)
	at java.base/java.util.stream.ForEachOps$ForEachOp$OfRef.accept(ForEachOps.java:184)
	at java.base/java.util.stream.ReferencePipeline$3$1.accept(ReferencePipeline.java:197)
	at java.base/java.util.stream.ReferencePipeline$2$1.accept(ReferencePipeline.java:179)
	at java.base/java.util.stream.ReferencePipeline$3$1.accept(ReferencePipeline.java:197)
	at java.base/java.util.ArrayList$ArrayListSpliterator.forEachRemaining(ArrayList.java:1708)
	at java.base/java.util.stream.AbstractPipeline.copyInto(AbstractPipeline.java:509)
	at java.base/java.util.stream.AbstractPipeline.wrapAndCopyInto(AbstractPipeline.java:499)
	at java.base/java.util.stream.ForEachOps$ForEachOp.evaluateSequential(ForEachOps.java:151)
	at java.base/java.util.stream.ForEachOps$ForEachOp$OfRef.evaluateSequential(ForEachOps.java:174)
	at java.base/java.util.stream.AbstractPipeline.evaluate(AbstractPipeline.java:234)
	at java.base/java.util.stream.ReferencePipeline.forEach(ReferencePipeline.java:596)
	at org.junit.jupiter.engine.descriptor.ClassBasedTestDescriptor.invokeTestInstancePostProcessors(ClassBasedTestDescriptor.java:422)
	at org.junit.jupiter.engine.descriptor.ClassBasedTestDescriptor.lambda$instantiateAndPostProcessTestInstance$0(ClassBasedTestDescriptor.java:334)
	at org.junit.platform.engine.support.hierarchical.ThrowableCollector.execute(ThrowableCollector.java:74)
	at org.junit.jupiter.engine.descriptor.ClassBasedTestDescriptor.instantiateAndPostProcessTestInstance(ClassBasedTestDescriptor.java:333)
	at org.junit.jupiter.engine.descriptor.ClassBasedTestDescriptor.lambda$testInstancesProvider$1(ClassBasedTestDescriptor.java:322)
	at java.base/java.util.Optional.orElseGet(Optional.java:364)
	at org.junit.jupiter.engine.descriptor.ClassBasedTestDescriptor.lambda$testInstancesProvider$0(ClassBasedTestDescriptor.java:321)
	at org.junit.jupiter.engine.execution.TestInstancesProvider.getTestInstances(TestInstancesProvider.java:27)
	at org.junit.jupiter.engine.descriptor.TestMethodTestDescriptor.lambda$prepare$0(TestMethodTestDescriptor.java:127)
	at org.junit.platform.engine.support.hierarchical.ThrowableCollector.execute(ThrowableCollector.java:74)
	at org.junit.jupiter.engine.descriptor.TestMethodTestDescriptor.prepare(TestMethodTestDescriptor.java:126)
	at org.junit.jupiter.engine.descriptor.TestMethodTestDescriptor.prepare(TestMethodTestDescriptor.java:70)
	at org.junit.platform.engine.support.hierarchical.NodeTestTask.lambda$prepare$0(NodeTestTask.java:144)
	at org.junit.platform.engine.support.hierarchical.ThrowableCollector.execute(ThrowableCollector.java:74)
	at org.junit.platform.engine.support.hierarchical.NodeTestTask.prepare(NodeTestTask.java:144)
	at org.junit.platform.engine.support.hierarchical.NodeTestTask.execute(NodeTestTask.java:110)
	at java.base/java.util.ArrayList.forEach(ArrayList.java:1596)
	at org.junit.platform.engine.support.hierarchical.SameThreadHierarchicalTestExecutorService.invokeAll(SameThreadHierarchicalTestExecutorService.java:42)
	at org.junit.platform.engine.support.hierarchical.NodeTestTask.lambda$executeRecursively$2(NodeTestTask.java:180)
	at org.junit.platform.engine.support.hierarchical.ThrowableCollector.execute(ThrowableCollector.java:74)
	at org.junit.platform.engine.support.hierarchical.NodeTestTask.lambda$executeRecursively$1(NodeTestTask.java:166)
	at org.junit.platform.engine.support.hierarchical.Node.around(Node.java:138)
	at org.junit.platform.engine.support.hierarchical.NodeTestTask.lambda$executeRecursively$0(NodeTestTask.java:164)
	at org.junit.platform.engine.support.hierarchical.ThrowableCollector.execute(ThrowableCollector.java:74)
	at org.junit.platform.engine.support.hierarchical.NodeTestTask.executeRecursively(NodeTestTask.java:163)
	at org.junit.platform.engine.support.hierarchical.NodeTestTask.execute(NodeTestTask.java:116)
	at java.base/java.util.ArrayList.forEach(ArrayList.java:1596)
	at org.junit.platform.engine.support.hierarchical.SameThreadHierarchicalTestExecutorService.invokeAll(SameThreadHierarchicalTestExecutorService.java:42)
	at org.junit.platform.engine.support.hierarchical.NodeTestTask.lambda$executeRecursively$2(NodeTestTask.java:180)
	at org.junit.platform.engine.support.hierarchical.ThrowableCollector.execute(ThrowableCollector.java:74)
	at org.junit.platform.engine.support.hierarchical.NodeTestTask.lambda$executeRecursively$1(NodeTestTask.java:166)
	at org.junit.platform.engine.support.hierarchical.Node.around(Node.java:138)
	at org.junit.platform.engine.support.hierarchical.NodeTestTask.lambda$executeRecursively$0(NodeTestTask.java:164)
	at org.junit.platform.engine.support.hierarchical.ThrowableCollector.execute(ThrowableCollector.java:74)
	at org.junit.platform.engine.support.hierarchical.NodeTestTask.executeRecursively(NodeTestTask.java:163)
	at org.junit.platform.engine.support.hierarchical.NodeTestTask.execute(NodeTestTask.java:116)
	at org.junit.platform.engine.support.hierarchical.SameThreadHierarchicalTestExecutorService.submit(SameThreadHierarchicalTestExecutorService.java:36)
	at org.junit.platform.engine.support.hierarchical.HierarchicalTestExecutor.execute(HierarchicalTestExecutor.java:52)
	at org.junit.platform.engine.support.hierarchical.HierarchicalTestEngine.execute(HierarchicalTestEngine.java:58)
	at org.junit.platform.launcher.core.EngineExecutionOrchestrator.executeEngine(EngineExecutionOrchestrator.java:246)
	at org.junit.platform.launcher.core.EngineExecutionOrchestrator.failOrExecuteEngine(EngineExecutionOrchestrator.java:218)
	at org.junit.platform.launcher.core.EngineExecutionOrchestrator.execute(EngineExecutionOrchestrator.java:179)
	at org.junit.platform.launcher.core.EngineExecutionOrchestrator.execute(EngineExecutionOrchestrator.java:108)
	at org.junit.platform.launcher.core.EngineExecutionOrchestrator.lambda$execute$0(EngineExecutionOrchestrator.java:66)
	at org.junit.platform.launcher.core.EngineExecutionOrchestrator.withInterceptedStreams(EngineExecutionOrchestrator.java:157)
	at org.junit.platform.launcher.core.EngineExecutionOrchestrator.execute(EngineExecutionOrchestrator.java:65)
	at org.junit.platform.launcher.core.DefaultLauncher.execute(DefaultLauncher.java:125)
	at org.junit.platform.launcher.core.DefaultLauncher.execute(DefaultLauncher.java:114)
	at org.junit.platform.launcher.core.DelegatingLauncher.execute(DelegatingLauncher.java:58)
	at org.junit.platform.launcher.core.InterceptingLauncher.lambda$execute$2(InterceptingLauncher.java:57)
	at org.junit.platform.launcher.core.ClasspathAlignmentCheckingLauncherInterceptor.intercept(ClasspathAlignmentCheckingLauncherInterceptor.java:25)
	at org.junit.platform.launcher.core.InterceptingLauncher.execute(InterceptingLauncher.java:56)
	at org.junit.platform.launcher.core.DelegatingLauncher.execute(DelegatingLauncher.java:58)
	at java.base/jdk.internal.reflect.DirectMethodHandleAccessor.invoke(DirectMethodHandleAccessor.java:103)
	at java.base/java.lang.reflect.Method.invoke(Method.java:580)
	at org.apache.maven.surefire.api.util.ReflectionUtils.invokeMethodWithArray(ReflectionUtils.java:125)
	at org.apache.maven.surefire.junitplatform.LauncherAdapter.executeWithCancellationToken(LauncherAdapter.java:68)
	at org.apache.maven.surefire.junitplatform.LauncherAdapter.execute(LauncherAdapter.java:54)
	at org.apache.maven.surefire.junitplatform.JUnitPlatformProvider.execute(JUnitPlatformProvider.java:203)
	at org.apache.maven.surefire.junitplatform.JUnitPlatformProvider.invokeAllTests(JUnitPlatformProvider.java:168)
	at org.apache.maven.surefire.junitplatform.JUnitPlatformProvider.invoke(JUnitPlatformProvider.java:136)
	at org.apache.maven.surefire.booter.ForkedBooter.runSuitesInProcess(ForkedBooter.java:385)
	at org.apache.maven.surefire.booter.ForkedBooter.execute(ForkedBooter.java:162)
	at org.apache.maven.surefire.booter.ForkedBooter.run(ForkedBooter.java:507)
	at org.apache.maven.surefire.booter.ForkedBooter.main(ForkedBooter.java:495)
Caused by: java.lang.IllegalStateException: Error processing condition on org.springframework.cloud.client.discovery.simple.SimpleDiscoveryClientAutoConfiguration.simpleDiscoveryProperties
	at org.springframework.boot.autoconfigure.condition.SpringBootCondition.matches(SpringBootCondition.java:60)
	at org.springframework.context.annotation.ConditionEvaluator.shouldSkip(ConditionEvaluator.java:100)
	at org.springframework.context.annotation.ConfigurationClassBeanDefinitionReader.loadBeanDefinitionsForBeanMethod(ConfigurationClassBeanDefinitionReader.java:196)
	at org.springframework.context.annotation.ConfigurationClassBeanDefinitionReader.loadBeanDefinitionsForConfigurationClass(ConfigurationClassBeanDefinitionReader.java:148)
	at org.springframework.context.annotation.ConfigurationClassBeanDefinitionReader.loadBeanDefinitions(ConfigurationClassBeanDefinitionReader.java:124)
	at org.springframework.context.annotation.ConfigurationClassPostProcessor.processConfigBeanDefinitions(ConfigurationClassPostProcessor.java:464)
	at org.springframework.context.annotation.ConfigurationClassPostProcessor.postProcessBeanDefinitionRegistry(ConfigurationClassPostProcessor.java:316)
	at org.springframework.context.support.PostProcessorRegistrationDelegate.invokeBeanDefinitionRegistryPostProcessors(PostProcessorRegistrationDelegate.java:349)
	at org.springframework.context.support.PostProcessorRegistrationDelegate.invokeBeanFactoryPostProcessors(PostProcessorRegistrationDelegate.java:118)
	at org.springframework.context.support.AbstractApplicationContext.invokeBeanFactoryPostProcessors(AbstractApplicationContext.java:795)
	at org.springframework.context.support.AbstractApplicationContext.refresh(AbstractApplicationContext.java:603)
	at org.springframework.boot.SpringApplication.refresh(SpringApplication.java:756)
	at org.springframework.boot.SpringApplication.refreshContext(SpringApplication.java:445)
	at org.springframework.boot.SpringApplication.run(SpringApplication.java:321)
	at org.springframework.boot.test.context.SpringBootContextLoader.lambda$loadContext$2(SpringBootContextLoader.java:155)
	at org.springframework.util.function.ThrowingSupplier.get(ThrowingSupplier.java:58)
	at org.springframework.util.function.ThrowingSupplier.get(ThrowingSupplier.java:46)
	at org.springframework.boot.SpringApplication.withHook(SpringApplication.java:1465)
	at org.springframework.boot.test.context.SpringBootContextLoader$ContextLoaderHook.run(SpringBootContextLoader.java:600)
	at org.springframework.boot.test.context.SpringBootContextLoader.loadContext(SpringBootContextLoader.java:155)
	at org.springframework.boot.test.context.SpringBootContextLoader.loadContext(SpringBootContextLoader.java:114)
	at org.springframework.test.context.cache.DefaultCacheAwareContextLoaderDelegate.loadContextInternal(DefaultCacheAwareContextLoaderDelegate.java:247)
	at org.springframework.test.context.cache.DefaultCacheAwareContextLoaderDelegate.lambda$loadContext$0(DefaultCacheAwareContextLoaderDelegate.java:167)
	... 86 common frames omitted
Caused by: java.lang.IllegalStateException: @ConditionalOnMissingBean did not specify a bean using type, name or annotation and the attempt to deduce the bean's type failed
	at org.springframework.boot.autoconfigure.condition.OnBeanCondition$Spec.validate(OnBeanCondition.java:657)
	at org.springframework.boot.autoconfigure.condition.OnBeanCondition$Spec.<init>(OnBeanCondition.java:603)
	at org.springframework.boot.autoconfigure.condition.OnBeanCondition.getMatchOutcome(OnBeanCondition.java:147)
	at org.springframework.boot.autoconfigure.condition.SpringBootCondition.matches(SpringBootCondition.java:47)
	... 108 common frames omitted
Caused by: org.springframework.boot.autoconfigure.condition.OnBeanCondition$BeanTypeDeductionException: Failed to deduce bean type for org.springframework.cloud.client.discovery.simple.SimpleDiscoveryClientAutoConfiguration.simpleDiscoveryProperties
	at org.springframework.boot.autoconfigure.condition.OnBeanCondition$Spec.deducedBeanTypeForBeanMethod(OnBeanCondition.java:686)
	at org.springframework.boot.autoconfigure.condition.OnBeanCondition$Spec.deducedBeanType(OnBeanCondition.java:676)
	at org.springframework.boot.autoconfigure.condition.OnBeanCondition$Spec.<init>(OnBeanCondition.java:596)
	... 110 common frames omitted
Caused by: java.lang.IllegalStateException: Failed to introspect Class [org.springframework.cloud.client.discovery.simple.SimpleDiscoveryClientAutoConfiguration] from ClassLoader [jdk.internal.loader.ClassLoaders$AppClassLoader@70dea4e]
	at org.springframework.util.ReflectionUtils.getDeclaredMethods(ReflectionUtils.java:483)
	at org.springframework.util.ReflectionUtils.findMethod(ReflectionUtils.java:240)
	at org.springframework.util.ReflectionUtils.findMethod(ReflectionUtils.java:221)
	at org.springframework.boot.autoconfigure.condition.OnBeanCondition$Spec.findBeanMethod(OnBeanCondition.java:715)
	at org.springframework.boot.autoconfigure.condition.OnBeanCondition$Spec.getMethodReturnType(OnBeanCondition.java:710)
	at org.springframework.boot.autoconfigure.condition.OnBeanCondition$Spec.getReturnType(OnBeanCondition.java:694)
	at org.springframework.boot.autoconfigure.condition.OnBeanCondition$Spec.deducedBeanTypeForBeanMethod(OnBeanCondition.java:683)
	... 112 common frames omitted
Caused by: java.lang.NoClassDefFoundError: org/springframework/boot/autoconfigure/web/ServerProperties
	at java.base/java.lang.Class.getDeclaredMethods0(Native Method)
	at java.base/java.lang.Class.privateGetDeclaredMethods(Class.java:3578)
	at java.base/java.lang.Class.getDeclaredMethods(Class.java:2676)
	at org.springframework.util.ReflectionUtils.getDeclaredMethods(ReflectionUtils.java:465)
	... 118 common frames omitted
Caused by: java.lang.ClassNotFoundException: org.springframework.boot.autoconfigure.web.ServerProperties
	at java.base/jdk.internal.loader.BuiltinClassLoader.loadClass(BuiltinClassLoader.java:641)
	at java.base/jdk.internal.loader.ClassLoaders$AppClassLoader.loadClass(ClassLoaders.java:188)
	at java.base/java.lang.ClassLoader.loadClass(ClassLoader.java:526)
	... 122 common frames omitted
2026-06-13 14:58:28
                INFO 
                o.h.validator.internal.util.Version
                - HV000001: Hibernate Validator 8.0.2.Final
2026-06-13 14:58:28
                INFO 
                c.f.r.RestaurantServiceApplicationTests
                - Starting RestaurantServiceApplicationTests using Java 21.0.6 with PID 12064 (started by Rutuja in C:\Users\Rutuja\git\Food-Delivery-System\restaurant-service)
2026-06-13 14:58:28
                INFO 
                c.f.r.RestaurantServiceApplicationTests
                - No active profile set, falling back to 1 default profile: "default"
2026-06-13 14:58:31
                INFO 
                o.s.d.r.c.RepositoryConfigurationDelegate
                - Bootstrapping Spring Data JPA repositories in DEFAULT mode.
2026-06-13 14:58:32
                INFO 
                o.s.d.r.c.RepositoryConfigurationDelegate
                - Finished Spring Data repository scanning in 484 ms. Found 2 JPA repository interfaces.
2026-06-13 14:58:33
                INFO 
                o.s.cloud.context.scope.GenericScope
                - BeanFactory id=0a1f5470-30c0-3fbd-9cbc-ca7c74f1c4b3
2026-06-13 14:58:35
                INFO 
                o.h.jpa.internal.util.LogHelper
                - HHH000204: Processing PersistenceUnitInfo [name: default]
2026-06-13 14:58:35
                INFO 
                org.hibernate.Version
                - HHH000412: Hibernate ORM core version 6.6.18.Final
2026-06-13 14:58:35
                INFO 
                o.h.c.i.RegionFactoryInitiator
                - HHH000026: Second-level cache disabled
2026-06-13 14:58:36
                INFO 
                o.s.o.j.p.SpringPersistenceUnitInfo
                - No LoadTimeWeaver setup: ignoring JPA class transformer
2026-06-13 14:58:37
                INFO 
                com.zaxxer.hikari.HikariDataSource
                - HikariPool-1 - Starting...
2026-06-13 14:58:37
                INFO 
                com.zaxxer.hikari.pool.HikariPool
                - HikariPool-1 - Added connection com.mysql.cj.jdbc.ConnectionImpl@1736273c
2026-06-13 14:58:37
                INFO 
                com.zaxxer.hikari.HikariDataSource
                - HikariPool-1 - Start completed.
2026-06-13 14:58:38
                WARN 
                org.hibernate.dialect.Dialect
                - HHH000511: The 5.5.5 version for [org.hibernate.dialect.MySQLDialect] is no longer supported, hence certain features may not work properly. The minimum supported version is 8.0.0. Check the community dialects project for available legacy versions.
2026-06-13 14:58:38
                WARN 
                org.hibernate.orm.deprecation
                - HHH90000025: MySQLDialect does not need to be specified explicitly using 'hibernate.dialect' (remove the property setting and it will be selected by default)
2026-06-13 14:58:38
                INFO 
                o.hibernate.orm.connections.pooling
                - HHH10001005: Database info:
	Database JDBC URL [Connecting through datasource 'HikariDataSource (HikariPool-1)']
	Database driver: undefined/unknown
	Database version: 5.5.5
	Autocommit mode: undefined/unknown
	Isolation level: undefined/unknown
	Minimum pool size: undefined/unknown
	Maximum pool size: undefined/unknown
2026-06-13 14:58:40
                INFO 
                o.h.e.t.j.p.i.JtaPlatformInitiator
                - HHH000489: No JTA platform available (set 'hibernate.transaction.jta.platform' to enable JTA platform integration)
2026-06-13 14:58:41
                INFO 
                o.s.o.j.LocalContainerEntityManagerFactoryBean
                - Initialized JPA EntityManagerFactory for persistence unit 'default'
2026-06-13 14:58:43
                WARN 
                o.s.b.a.o.j.JpaBaseConfiguration$JpaWebConfiguration
                - spring.jpa.open-in-view is enabled by default. Therefore, database queries may be performed during view rendering. Explicitly configure spring.jpa.open-in-view to disable this warning
2026-06-13 14:58:43
                WARN 
                o.s.b.a.s.s.UserDetailsServiceAutoConfiguration
                - 

Using generated security password: de721de8-097a-4050-aaa3-9a22f871477a

This generated password is for development use only. Your security configuration must be updated before running your application in production.

2026-06-13 14:58:43
                INFO 
                o.s.s.c.a.a.c.InitializeUserDetailsBeanManagerConfigurer$InitializeUserDetailsManagerConfigurer
                - Global AuthenticationManager configured with UserDetailsService bean with name inMemoryUserDetailsManager
2026-06-13 14:58:47
                INFO 
                o.s.c.n.e.c.DiscoveryClientOptionalArgsConfiguration
                - Eureka HTTP Client uses RestTemplate.
2026-06-13 14:58:47
                WARN 
                o.s.c.l.c.LoadBalancerCacheAutoConfiguration$LoadBalancerCaffeineWarnLogger
                - Spring Cloud LoadBalancer is currently working with the default cache. While this cache implementation is useful for development and tests, it's recommended to use Caffeine cache in production.You can switch to using Caffeine cache, by adding it and org.springframework.cache.caffeine.CaffeineCacheManager to the classpath.
2026-06-13 14:58:47
                INFO 
                o.s.c.n.eureka.InstanceInfoFactory
                - Setting initial instance status as: STARTING
2026-06-13 14:58:47
                INFO 
                c.netflix.discovery.DiscoveryClient
                - Initializing Eureka in region us-east-1
2026-06-13 14:58:47
                INFO 
                c.n.d.s.r.aws.ConfigClusterResolver
                - Resolving eureka endpoints via configuration
2026-06-13 14:58:47
                INFO 
                c.netflix.discovery.DiscoveryClient
                - Disable delta property : false
2026-06-13 14:58:47
                INFO 
                c.netflix.discovery.DiscoveryClient
                - Single vip registry refresh property : null
2026-06-13 14:58:47
                INFO 
                c.netflix.discovery.DiscoveryClient
                - Force full registry fetch : false
2026-06-13 14:58:47
                INFO 
                c.netflix.discovery.DiscoveryClient
                - Application is null : false
2026-06-13 14:58:47
                INFO 
                c.netflix.discovery.DiscoveryClient
                - Registered Applications size is zero : true
2026-06-13 14:58:47
                INFO 
                c.netflix.discovery.DiscoveryClient
                - Application version is -1: true
2026-06-13 14:58:47
                INFO 
                c.netflix.discovery.DiscoveryClient
                - Getting all instance registry info from the eureka server
2026-06-13 14:58:49
                INFO 
                c.netflix.discovery.DiscoveryClient
                - The response status is 200
2026-06-13 14:58:49
                INFO 
                c.netflix.discovery.DiscoveryClient
                - Starting heartbeat executor: renew interval is: 30
2026-06-13 14:58:49
                INFO 
                c.n.discovery.InstanceInfoReplicator
                - InstanceInfoReplicator onDemand update allowed rate per min is 4
2026-06-13 14:58:49
                INFO 
                c.netflix.discovery.DiscoveryClient
                - Discovery Client initialized at timestamp 1781342929313 with initial instances count: 2
2026-06-13 14:58:49
                INFO 
                o.s.c.n.e.s.EurekaServiceRegistry
                - Registering application RESTAURANT-SERVICE with eureka with status UP
2026-06-13 14:58:49
                INFO 
                c.netflix.discovery.DiscoveryClient
                - Saw local status change event StatusChangeEvent [timestamp=1781342929336, current=UP, previous=STARTING]
2026-06-13 14:58:49
                INFO 
                c.netflix.discovery.DiscoveryClient
                - DiscoveryClient_RESTAURANT-SERVICE/LAPTOP-7FMF3L9D:restaurant-service:8082: registering service...
2026-06-13 14:58:49
                INFO 
                c.f.r.RestaurantServiceApplicationTests
                - Started RestaurantServiceApplicationTests in 22.632 seconds (process running for 27.768)
2026-06-13 14:58:50
                INFO 
                c.netflix.discovery.DiscoveryClient
                - DiscoveryClient_RESTAURANT-SERVICE/LAPTOP-7FMF3L9D:restaurant-service:8082 - registration status: 204
2026-06-13 14:58:52
                INFO 
                o.s.c.n.e.s.EurekaServiceRegistry
                - Unregistering application RESTAURANT-SERVICE with eureka with status DOWN
2026-06-13 14:58:52
                INFO 
                c.netflix.discovery.DiscoveryClient
                - Saw local status change event StatusChangeEvent [timestamp=1781342932261, current=DOWN, previous=UP]
2026-06-13 14:58:52
                INFO 
                c.netflix.discovery.DiscoveryClient
                - DiscoveryClient_RESTAURANT-SERVICE/LAPTOP-7FMF3L9D:restaurant-service:8082: registering service...
2026-06-13 14:58:52
                INFO 
                o.s.o.j.LocalContainerEntityManagerFactoryBean
                - Closing JPA EntityManagerFactory for persistence unit 'default'
2026-06-13 14:58:52
                INFO 
                com.zaxxer.hikari.HikariDataSource
                - HikariPool-1 - Shutdown initiated...
2026-06-13 14:58:52
                INFO 
                c.netflix.discovery.DiscoveryClient
                - DiscoveryClient_RESTAURANT-SERVICE/LAPTOP-7FMF3L9D:restaurant-service:8082 - registration status: 204
2026-06-13 14:58:52
                INFO 
                com.zaxxer.hikari.HikariDataSource
                - HikariPool-1 - Shutdown completed.
2026-06-13 14:58:52
                INFO 
                c.netflix.discovery.DiscoveryClient
                - Shutting down DiscoveryClient ...
2026-06-13 14:58:55
                INFO 
                c.netflix.discovery.DiscoveryClient
                - Unregistering ...
2026-06-13 14:58:55
                INFO 
                c.netflix.discovery.DiscoveryClient
                - DiscoveryClient_RESTAURANT-SERVICE/LAPTOP-7FMF3L9D:restaurant-service:8082 - deregister  status: 200
2026-06-13 14:58:55
                INFO 
                c.netflix.discovery.DiscoveryClient
                - Completed shut down of DiscoveryClient
